Temperature,Rainfall,Humidity,Soil_Moisture,Field_Size,Crop_Type,Soil_Type,Irrigate
26.236203565420873,26.170568373590598,60.03971147985149,55.37798678544754,36.29312827342238,Potato,Loamy,0
43.52142919229749,24.697879907199983,76.38026305099905,22.067045347361635,34.67686721624326,Wheat,Sandy,1
36.95981825434215,90.62545805210367,73.21126508531114,71.06761943483704,5.691955734504525,Onion,Sandy,0
32.959754525911094,24.95461998495061,30.77299332856416,52.918136734846904,46.2060478403842,Cucumber,Loamy,0
19.680559213273096,27.1949726128631,30.447462881903174,21.004271848986797,28.85513790568416,Tomato,Sandy,1
19.67983561008608,75.93982624179637,38.77220574214393,77.36366402368448,18.822550535648528,Tomato,Clay,0
16.742508365045985,44.973984245054,45.275230843872606,46.28558243347244,38.07039059127003,Tomato,Clay,1
40.98528437324806,77.67105569551812,48.59189069859379,15.10289163101585,13.610907461680068,Cucumber,Clay,1
33.03345035229626,6.536615756438524,67.57880517833416,53.87830330905471,34.9819820152697,Cotton,Clay,0
36.242177333881365,48.75711936733843,23.96763025160848,27.723923490896716,2.9458491710401136,Cucumber,Clay,1
15.617534828874074,3.3613600183282633,22.427089295824647,66.25854163141116,42.13099384285432,Cotton,Clay,0
44.097295564859834,6.265320345535452,47.43373940607363,67.24754514963334,22.960371504044605,Tomato,Clay,0
39.97327922401266,90.64374533444109,68.80145844965864,78.52631490982633,32.197952803539145,Potato,Clay,0
21.370173320348286,13.924537111759516,33.54047400695378,45.13086717171526,11.8406531705275,Potato,Clay,0
20.454749016213018,53.24206822752171,64.90531368793762,41.8469815809416,34.17661192026395,Cotton,Loamy,0
20.502135295603015,41.10956026007065,38.187969655820964,62.743292381253646,38.839773518770556,Tomato,Loamy,0
24.127267288786133,34.73433262588427,82.02602761694615,19.272945943934857,24.187446157335536,Cucumber,Clay,1
30.742692948967136,89.98333456872724,82.69829609866315,48.28408596551869,31.26861927902792,Potato,Loamy,0
27.958350559263472,2.18233967754895,40.81010429969285,48.237332009159566,23.35997026729753,Cotton,Loamy,0
23.736874205941255,66.37896861755891,36.09956277742684,16.263118596727104,44.81047709363443,Cucumber,Clay,1
33.35558684167138,96.33944342135504,48.79127804463619,39.25888598548395,25.395589845201638,Tomato,Clay,1
19.184815819561255,56.016818346184195,36.83721096261041,69.72993589970415,42.24862674241213,Wheat,Loamy,0
23.764339456056547,93.68224620330918,67.06686903041926,69.93075353962621,40.26625085524218,Tomato,Clay,0
25.99085529881075,5.225787928602377,77.82452791837999,16.946636544377668,21.11473624606947,Tomato,Clay,1
28.682099526511077,41.87933190741614,67.11644916378519,16.35046179234816,12.274140101016277,Cucumber,Clay,1
38.55527884179041,26.015779096205115,77.70453130745446,28.38868339013547,20.89802449542878,Cucumber,Clay,1
20.99021346475079,73.08209649807299,47.78945135452319,71.23362437877955,41.484651412985784,Onion,Loamy,0
30.42703315240835,98.12970904972467,30.942187949620262,19.023180955144927,12.153994255150225,Onion,Sandy,1
32.772437065861276,25.65300624442478,71.65656631783145,60.39977618392124,26.697380947029718,Cucumber,Loamy,0
16.393512381599933,65.41746014740745,45.23321535990877,17.081593372917226,40.49874065007663,Cucumber,Sandy,1
33.226345557043146,19.809763275974014,66.98895776603928,53.61964976234778,18.32039628129056,Wheat,Sandy,0
20.115723710618745,56.53302545716099,38.9450759387236,34.92471093834014,32.468272213132174,Wheat,Sandy,1
16.951547789558386,46.39324866883362,25.686074436467088,65.22397740761069,13.035947128391912,Tomato,Loamy,0
43.466566117599996,97.2005329631537,89.48072568414344,26.358331417775453,6.354692823039836,Potato,Loamy,1
43.96896099223678,60.85272726964666,30.934105555141947,54.74412805729719,39.92482702954996,Wheat,Loamy,0
39.25192044349383,34.950637208681876,89.18946957744367,26.497777420311948,5.849462547026635,Tomato,Loamy,1
24.13841307520112,11.409578488793336,88.40959527965131,59.956219817850766,14.297688358899645,Cotton,Loamy,0
17.930163420191516,15.124682873493455,75.56726727356278,71.15746241925241,42.900361677874564,Onion,Sandy,0
35.52699079536471,22.53169299512351,66.15960734573983,18.8761259388732,17.97699506685469,Potato,Loamy,1
28.20457481218804,25.0966661340298,60.44649351757593,70.66169820168525,48.67922212619389,Tomato,Sandy,0
18.661147045343366,85.06160578411378,80.62710817644843,51.55026780900086,49.006982403919125,Cucumber,Loamy,0
29.855307303338105,56.12227882825249,40.26076651336416,18.89773436069168,14.145525002224279,Cotton,Loamy,1
16.031655633456552,52.33909113743665,52.73768487394139,39.92792987517984,3.007932890244632,Onion,Clay,0
42.27961206236346,11.476887186921747,63.35729785565513,21.260220543956855,35.548100926063576,Cotton,Sandy,1
22.763399448000506,86.0139693349435,48.78333331086438,59.024352220659864,23.098338629768843,Tomato,Loamy,0
34.875668530619464,72.28143032084837,49.924051786318756,63.120769409256475,5.936889354019238,Wheat,Loamy,0
24.35133228268233,6.766836190000158,43.11992672514591,17.405756419095926,35.6686181299241,Onion,Loamy,1
30.602040635334326,70.78350972297687,59.496227167917525,45.42978968862511,2.52757054648414,Cotton,Clay,0
31.40130838029839,54.353821734264606,79.54021696105812,67.0237539218142,43.63963783411987,Wheat,Sandy,0
20.545633665765813,8.172534574677826,34.1069864604419,75.53141290856975,7.793973926551883,Potato,Loamy,0
44.08753883293676,45.830064152865646,85.4103127127409,45.9462506719239,7.238282058589525,Tomato,Loamy,1
38.253984700833435,48.469628713004695,68.23613576237608,76.5195456527985,9.607942600460643,Tomato,Loamy,0
43.18496824692568,16.577454016327575,77.6291248876021,47.49822793192209,48.05305156611126,Onion,Clay,0
41.844820512829465,94.56981470002823,58.93334848410081,37.593334621993556,34.965298652438456,Cotton,Loamy,0
32.93699936433255,84.99753714806619,74.56616909968444,69.37421899870267,40.2672052377182,Potato,Sandy,0
42.6562270506935,66.90223373291083,21.134027813762703,44.508789732066234,20.4841143009049,Cucumber,Sandy,1
17.654775061557586,46.22955610006072,77.28662973456747,43.033175739516615,17.479323647742824,Onion,Sandy,0
20.879485872574357,41.17655415845085,22.809720135975656,44.321874258687984,12.489716332375327,Cucumber,Sandy,1
16.35681866731614,65.09734671509541,82.29393634540037,69.27495013088217,24.55175338730804,Onion,Loamy,0
24.759909922897933,54.543186940690546,89.43739230670504,68.23590791816365,28.039607943174257,Cotton,Clay,0
26.660318690684463,6.227310588188562,40.58472235237445,38.24639947081478,31.956967338985013,Potato,Clay,0
23.140470953216877,51.25026487703317,34.72229894000556,33.33099019093675,13.59880669593603,Cotton,Clay,0
39.86212527455788,80.64036172328395,73.57543547006284,44.43496168273905,47.484049964246545,Tomato,Loamy,1
25.70259980080768,45.923987759695805,37.71184386441773,50.09407568159763,9.318166412149656,Cucumber,Clay,0
23.428035290621423,5.195657755426842,80.58936682205425,26.683604743959787,48.317005563554204,Wheat,Sandy,1
31.280882494747456,78.6278199384033,27.19898145102337,65.57685593009134,1.7279500028676855,Tomato,Loamy,0
19.22772674924288,20.13637821359744,28.81686374655508,44.053793601269604,24.575158899025435,Tomato,Clay,1
39.06590942262119,25.862083488803876,88.5406088570431,33.383188389397176,17.335024067711576,Cucumber,Sandy,1
17.236519310393124,16.47063534322959,67.16872287890033,17.47746950747934,23.00704728258229,Onion,Sandy,1
44.60660809801552,33.02150648714976,79.2821057100267,26.719161228252485,28.96256437005866,Tomato,Loamy,1
38.16734307889972,75.6751505688635,42.703056414606266,76.44968202291886,22.343868742622742,Potato,Loamy,0
20.961470446025174,51.93858595039374,67.35386246644231,31.35697807736686,21.32749566477815,Tomato,Clay,1
15.165663513708072,20.488127415071254,61.5969279116018,21.82015025569247,36.90344735525202,Potato,Clay,1
39.463842853645026,87.78300781520409,62.22050840860629,42.24709541584952,34.60793747923677,Cotton,Clay,0
36.205720315428515,87.95818549515292,67.77727216764052,31.496142035217407,41.830292819756544,Onion,Loamy,0
36.87021504122962,87.05784250460069,60.2751421190369,12.46114751898359,13.247990080735283,Potato,Clay,1
38.13811040057837,23.87962113815393,50.03436585118662,32.620165209559204,30.866896977949114,Tomato,Clay,1
17.221339552022712,45.12393441809881,39.31458860663828,48.0876036757628,29.67454448424984,Onion,Sandy,0
25.753971856328178,98.49896561408751,73.80069316392414,48.619866041397685,19.11715273276175,Onion,Sandy,0
18.47607178575389,77.20124763099903,35.83907010022303,34.95912448238221,24.816819553231365,Potato,Sandy,1
40.89310277626781,2.716742122555982,68.46480143080899,41.311192937682044,16.375325021980707,Potato,Clay,1
33.69894380482674,6.5204591260492055,36.33329758545287,77.58625427643365,7.950375483232275,Wheat,Loamy,0
24.926940745579476,46.39313768123328,63.77311189681177,36.41439340612182,11.47625932247391,Wheat,Sandy,1
16.90675050858071,90.92202058615601,72.29547869903203,28.07587692819881,6.1701686736588535,Onion,Loamy,1
24.329469651469864,53.870179795271426,35.30997222345775,27.042693084673207,34.47040918431608,Cucumber,Clay,1
24.75549966080241,49.781250803429025,24.19603106029158,42.04352288928939,33.37564226234842,Cucumber,Clay,1
36.888185350141924,10.547369995663058,29.168162009592187,63.16641041018608,47.57971220741377,Wheat,Sandy,0
34.12672414065639,65.6780104724294,62.41978770897178,24.419172893193124,36.754242268714826,Tomato,Loamy,1
41.616382277289794,82.21031606002255,79.46124843580148,59.65072889985377,3.5502460990504408,Cotton,Sandy,0
29.16644775485848,38.04200075075623,23.149777486479707,11.48048763445914,44.32801352251875,Onion,Clay,1
18.58782737814905,77.56118509253275,71.39058813291524,39.32530845887622,43.271082984340566,Cotton,Loamy,0
36.39734361668985,96.44766539008116,43.892305216503644,64.31055456419509,22.722695717862234,Wheat,Sandy,0
37.82355145850693,20.376645912768907,53.496985894366574,33.7113069042102,29.707289475868155,Potato,Clay,0
31.83831592708489,52.33296311947413,85.02016848918959,49.461597101177965,48.82783829115343,Onion,Sandy,0
38.12901539863683,28.713795808457554,43.238005331509186,24.348546297813755,27.082913828560148,Wheat,Loamy,1
29.81386789093172,79.28544190338394,52.573585375764026,61.93967737883206,45.3607695904284,Tomato,Loamy,0
30.681984881459822,57.75933658811575,20.95776903324768,13.659537228813173,5.068899132699135,Onion,Loamy,1
27.826230550756488,63.45824175503038,25.711910400338684,69.67798514128503,10.36154156672546,Onion,Loamy,0
15.762573802322855,79.79141596158941,38.10141137943488,23.873747049516773,22.596992228624572,Cucumber,Loamy,1
18.236742809799132,39.59704726624549,21.94965685747521,71.20786221958315,29.65308360852793,Potato,Sandy,0
15.942875570602027,91.50900684070432,64.19627282337757,34.67704689103621,40.99516474127721,Onion,Sandy,1
34.09231233791341,53.302886724614,49.847884976113576,60.58785021321406,49.42484364201616,Potato,Sandy,0
24.4306794322898,15.7954822835348,58.37016419096154,32.34577084503319,20.053723327231705,Wheat,Sandy,1
30.257120734941083,69.58991181688025,32.22530301274307,73.41381698642533,3.3233661708641615,Tomato,Clay,0
42.22699421778279,79.32613504382545,40.71524206056313,18.864598786286205,40.25740366147092,Tomato,Clay,1
22.47876687446625,31.67616770675267,66.46771323969077,22.49638524908191,30.614655235057597,Onion,Sandy,1
27.31148769106889,85.7179256998753,87.57119065412799,44.51210876111616,10.728600084541881,Onion,Clay,0
37.66653415629146,90.61432547657664,23.529174152154646,15.735690732670228,25.24659437444959,Wheat,Clay,1
21.863944964748676,27.690448737780894,82.32690245986862,23.718612929123335,37.373202031152495,Cucumber,Loamy,1
17.30939729486379,98.3521472715222,60.38168409178459,76.063646754841,38.75017756636355,Cucumber,Sandy,0
23.69254358741304,14.071152804875842,59.47436967289366,78.3542762803521,25.481302187939338,Cucumber,Clay,0
19.83663861762013,20.201566840248997,55.01949746454322,36.33815305312953,15.955511976314098,Potato,Clay,0
42.890929570277194,18.422483923802613,24.85758601329284,74.63002147097549,48.713386519886186,Cucumber,Sandy,0
39.24361138693251,89.39897100078704,26.29137962153125,48.13772729714022,33.50476793686815,Tomato,Loamy,1
34.002112695312704,65.42925523249619,62.06384039613603,28.881972611163693,21.003638447968637,Potato,Sandy,1
41.143817705631534,15.210428322227287,43.86710000048908,59.167910475641904,14.742697986027968,Wheat,Loamy,0
39.110162306973436,44.032341836834895,84.20876466043765,56.12312646024,36.824046167174544,Tomato,Clay,0
20.597101766581076,61.529802506980204,48.46133761516306,79.23877233761134,12.866988834094617,Tomato,Loamy,0
41.77676995469933,8.34640849893833,30.029702109184875,28.55331011864983,9.41378945971072,Cotton,Loamy,1
31.18026725746952,88.24163684073388,70.03031834514252,57.04416518632148,26.961860559141446,Wheat,Sandy,0
39.22320465492187,80.36035354415351,40.534739500870685,13.641662852061282,15.20938223956295,Wheat,Clay,1
41.8827389977048,50.52067735766382,56.78292151491252,17.955222708770357,31.816352101257138,Cotton,Sandy,1
24.540104249155917,96.71266152591704,68.8482949853619,10.274286246576528,6.778995068837441,Potato,Sandy,1
18.301557735830304,41.77609792750997,83.01848778414492,79.96224767417712,33.09211412379876,Cucumber,Clay,0
21.83805487625825,98.41103190364979,75.45338363611734,66.15915880032344,14.881529871887409,Cucumber,Sandy,0
27.813233658787688,66.79199988036271,67.34527475109068,65.07061103134785,1.0119037872911238,Cucumber,Sandy,0
39.54044297767479,63.467127325394145,67.57432276766005,45.680825270172576,7.219866826034642,Cucumber,Loamy,1
40.82191749769031,16.5954895295785,86.21472508224606,31.004695803380795,46.747153513919606,Cucumber,Sandy,1
15.208563915935722,88.1927758304644,40.70768682475752,20.588499912387313,43.50037731665253,Cotton,Clay,1
30.32241907732697,42.74896879206152,20.077846593733117,29.927231719252458,12.446842569775605,Wheat,Sandy,1
27.52233009446337,16.223340578247935,39.03681915787391,36.31798553503974,39.14022332272907,Potato,Loamy,0
21.663234314121908,1.260751997575904,35.252396573872076,62.941706788620586,30.82000806552474,Tomato,Sandy,0
18.595961020010485,55.975568363838256,66.32842095797987,47.77632522322067,48.574330861043606,Cucumber,Sandy,1
25.12845514210884,52.739962212267635,64.35981198358704,15.423853858883788,19.306677317168898,Cotton,Sandy,1
43.287291117375574,71.93536223691585,61.54229678933067,11.262030627123856,34.39157001334139,Potato,Loamy,1
24.696087960622656,89.02580530178021,21.13704102466176,17.16325256738442,4.113250398772011,Potato,Clay,1
30.563718652300985,7.9406584643029525,71.01446381154533,38.73490995881656,20.416119994003893,Potato,Clay,0
36.090568766855334,73.14964903403623,42.64712887398441,75.32350419343128,48.227065398220844,Cotton,Loamy,0
25.90888807137882,18.741194409758222,66.55391923046417,54.61817368464551,27.410062848055908,Tomato,Loamy,0
44.15346248162882,85.8177053157164,58.96048999515073,66.12781299128605,15.106095663407384,Cucumber,Sandy,0
43.87341884826334,81.90635138616561,43.9911647799535,42.646221615318396,6.893277193301736,Potato,Clay,0
22.553468874760924,54.07937549855444,29.42033869728754,35.316625823653,35.47288866889499,Cotton,Loamy,0
29.91745517677156,71.02427986233116,26.609322836233666,17.58802609016359,32.59794612805661,Wheat,Clay,1
24.026349294503092,31.43501131837484,78.20628331785565,71.31531155303435,19.322996966584956,Cotton,Sandy,0
23.545214831324028,47.116789893281464,84.28782794570905,64.82120203195319,47.59612624142588,Cotton,Loamy,0
16.106608420635983,82.16368977104716,65.48516327350097,21.76826683184076,2.0879378364046657,Cotton,Clay,1
33.286930019396905,45.92651971732139,27.240388040233835,45.85823947133824,15.882468729959465,Potato,Clay,0
30.080370696865845,35.77982653254418,48.14190518217685,44.116236554487145,46.13240482867949,Cotton,Sandy,0
16.54436253749968,49.421244725029986,71.025744007361,53.756408688057,16.725836477652578,Wheat,Loamy,0
23.359393927098346,82.82492524372184,74.58746188070477,76.23308257938828,13.360388858903349,Potato,Clay,0
42.24797657899961,33.520804737087275,28.2753035603762,50.58400092337357,27.17680008663112,Wheat,Sandy,0
22.186856720009175,17.37615931357438,20.00215031917677,47.8152086745033,41.36628574610636,Onion,Clay,0
19.346846162736693,71.20140203307808,69.84959321164234,13.522605305426476,6.054191283039692,Cotton,Sandy,1
29.68358280832689,82.59782127080818,44.9617323190344,14.403523321261675,47.20801477264107,Cucumber,Clay,1
44.56951362331802,10.063747852353334,37.81369321327821,23.11427539287522,39.95857117787704,Cucumber,Clay,1
22.261658145345013,23.98741127559447,20.90282288526678,12.272954018422379,9.881262522026045,Potato,Sandy,1
35.16406642217636,14.19719897609939,57.82095847330498,62.03470268990087,35.88839009870997,Cucumber,Loamy,0
37.84858845986153,34.79414115821666,79.58055147981872,60.63312127957742,19.8629774092403,Potato,Sandy,0
22.12912631977199,45.035097890541266,87.03421523908115,19.523936410215008,20.712439225739615,Cotton,Loamy,1
36.84649045835579,74.88263369633064,59.60214654293024,68.52552305566967,39.381214529504454,Tomato,Clay,0
26.033493981577596,65.11475848816741,56.012292941792595,20.83502243922784,48.17645559105588,Tomato,Clay,1
33.96917491780738,62.092856747843115,25.953946984246876,31.082291089815115,7.206137769512503,Wheat,Sandy,1
34.00589132282684,35.23749466096544,58.42109610798198,27.42838294129555,21.61088160706215,Cotton,Sandy,1
31.073240522242756,84.144755308476,46.598535527577624,36.06149690011334,24.566138796130872,Cucumber,Loamy,1
17.70869310163225,47.128716739816454,62.499469661850384,27.82646361229733,19.439279030794882,Cotton,Loamy,1
40.05907486767714,97.91049380151546,47.21084435135827,44.226564850691645,18.796267062095026,Onion,Loamy,0
24.623401949152075,63.41421382957368,36.82093864152567,38.51855169482798,3.5611647105182302,Tomato,Sandy,1
20.595555311995625,12.626474156450273,26.647569265986355,79.05986435455286,34.59139240756854,Cucumber,Clay,0
16.223254246642917,67.6177562075434,42.0442911212227,13.914844508975797,22.374506438882225,Tomato,Sandy,1
32.72678829564725,32.5104015431699,26.76513840014266,19.952696347114614,10.544896329552412,Cotton,Clay,1
35.32693085526847,68.63271966860974,32.38278655767888,13.697812573602175,40.98564161280135,Cucumber,Sandy,1
15.497634867835684,6.964114816240574,89.11353110056821,53.808883648766304,40.32547665942977,Wheat,Sandy,0
30.36279174897843,17.48814371759594,51.087248983463304,13.815649418960371,24.833189776355795,Cotton,Loamy,1
21.79487325593814,85.57372589057863,57.23102365535116,68.55078161632863,15.624082396240267,Wheat,Clay,0
34.35518371228349,22.71795570235149,81.15329701160508,45.835704147734944,32.266543564026165,Cucumber,Sandy,1
20.23099287014974,83.704112524294,89.68982303434815,46.89053372070736,15.11945465309275,Tomato,Sandy,1
35.72813214307398,27.927608845441043,60.79001145412771,49.3116155398536,12.56438858586189,Onion,Clay,0
26.602060389016124,64.28819100587077,76.87316747309202,21.95695944143475,36.79521804729001,Potato,Sandy,1
43.101899662102035,69.4150573509831,42.88587170356727,23.83832121801413,2.9759367463265844,Tomato,Clay,1
19.125628324379797,51.265475314505295,41.402077021310376,32.31721260111033,5.643655080695104,Wheat,Loamy,0
25.231990531507755,30.531067669673128,48.189260469619214,51.5447491075296,1.332620527155899,Cotton,Loamy,0
18.40420563721767,21.264437637109612,67.07550838715544,24.708244315815016,8.494216137295881,Cucumber,Clay,1
42.74080854835688,3.318935456242622,67.75341824785691,18.143220899328284,4.3805104268125135,Tomato,Loamy,1
41.32018060142943,30.39464012407238,42.06676042546155,77.90818204929025,49.79431602121601,Onion,Clay,0
22.73824883145467,65.3162790531283,29.32469468956401,11.538727036673604,15.15168852775039,Cucumber,Sandy,1
34.79952138102537,93.83048184484826,64.2677379525856,66.18881837352151,8.314132620793117,Wheat,Sandy,0
39.51666600603647,87.1204482263052,28.982810353213516,65.16246047025155,12.808816641799979,Cucumber,Clay,0
31.65602434798387,76.60647765353026,60.494475576053105,30.80498796915672,46.8701530054666,Cucumber,Sandy,1
30.889517350680194,78.84473432532987,68.53954896394163,19.49386312051194,26.48785092819539,Cotton,Loamy,1
22.25556872701355,66.49849034759953,69.04280474761161,20.194005269379637,18.876086719084988,Potato,Sandy,1
17.793083034176977,26.0286857566003,72.74304774617177,58.820213206603476,43.796181437551745,Wheat,Sandy,0
41.91647273859981,90.71950307058299,81.10015950959652,54.99646137603216,20.354523256902592,Cotton,Clay,0
42.01254171489991,67.0732311905834,54.99712943753519,64.79219719759706,17.415419927927093,Potato,Loamy,0
33.99304371819804,56.04406309804399,71.11744326706997,75.62368206793732,11.156843604937043,Cotton,Sandy,0
25.17089373146102,11.098946921348107,63.34209147560857,58.43491542866144,19.512044371561164,Potato,Sandy,0
25.476287238379825,44.70555438064254,33.06479578583778,20.909607558601042,16.517533444829375,Potato,Clay,1
36.77867036610718,46.03582712019263,21.79827514085857,27.04098317357875,34.18789400560891,Potato,Clay,1
41.913307798577314,86.45636095226699,39.91789699738536,68.95356116111802,15.189552528865628,Cotton,Loamy,0
41.61259272795352,54.66482201877885,51.01235944363336,24.6514253083946,29.282787574705512,Cucumber,Sandy,1
38.396266375728715,38.04005489704097,63.19741611000594,15.0765621868137,4.228716086566663,Potato,Clay,1
34.26094938462863,97.68003285106593,79.49715313522438,59.22960378295753,10.373168678129204,Cucumber,Clay,0
17.524198949851467,11.072059332631568,33.737200169431595,38.17684488430994,20.96285830895609,Wheat,Clay,0
19.84886142283841,42.25484283119446,28.788485292893398,74.40280367821325,46.91051344152608,Onion,Loamy,0
41.956625655812374,4.202467517140529,87.44359632320293,55.51785497655631,19.485347300069076,Cucumber,Clay,0
33.1928717897877,73.99041207669303,27.5631191563485,16.32932844541625,33.53963193879187,Onion,Loamy,1
15.27591154849889,91.80765521991506,53.49437490750324,76.34995970775626,13.499273898648509,Potato,Loamy,0
18.044146285980965,28.003732955048942,60.989461015531134,28.099008454817213,7.224645222688355,Onion,Sandy,1
34.905053073241675,85.83416767991208,57.89620946352068,33.604874328440005,3.8682934039224564,Onion,Sandy,1
15.15184751538656,29.221823046189776,26.022250992306024,38.15822895784794,15.965261428594816,Potato,Loamy,0
19.82424154252496,91.07701616439152,23.991883980253355,13.585700748301928,8.72539031304849,Cucumber,Sandy,1
31.462013680997583,75.3961903596784,27.383839922272497,44.75607955614234,9.526511952790086,Potato,Sandy,0
35.7568559307808,80.49067768414386,60.99113787108288,18.632294375270458,38.277206110960556,Wheat,Clay,1
34.55883778507801,1.80065556004545,58.10414213440248,38.067922868184624,1.7760654762988366,Tomato,Sandy,1
21.728079283816793,96.2810357074026,36.36185544257209,34.5496851594459,28.33269616103629,Cotton,Loamy,0
36.36537664042608,72.66709920703232,64.64418992919141,64.09880583985523,19.593607649079775,Potato,Sandy,0
22.117472624904003,30.47510953861333,77.40472514389546,66.22193581429119,25.820949995518813,Potato,Clay,0
24.76199094477803,82.9394664858847,22.910527189261565,20.73890176723616,28.578681623515543,Onion,Loamy,1
37.394742153540726,28.152119841492997,54.86909604836297,35.658583116545834,16.355017028406632,Wheat,Sandy,1
34.48898697141644,87.2753839566128,68.25172884718832,36.13472127222822,15.460334149029979,Onion,Loamy,0
40.47670231482534,11.258039041193701,37.6618348948781,20.598731075525954,36.93669061741038,Cucumber,Sandy,1
34.7283867690103,70.36859774607957,41.54396337052044,65.89174535358333,43.6925724179367,Potato,Clay,0
32.04925810006415,54.069847664491036,62.95465320925687,59.505982983479626,10.436499990467865,Potato,Sandy,0
17.810243034842774,9.653447019544082,82.85547054106158,23.326725040792432,5.783319266222299,Onion,Loamy,1
26.031474091783004,24.189382825883897,76.69470942120296,35.670533601565936,44.99199451320927,Potato,Loamy,0
22.956071030451763,1.240403627731479,60.819115336970846,17.406351739955994,18.144877718722533,Cucumber,Loamy,1
22.319689301372506,46.876796546450585,71.11552024300744,53.974461796513076,28.014552142477893,Tomato,Sandy,0
44.190316642573364,30.126526076000037,45.537572914545905,18.49603471840338,18.61761408148017,Cotton,Sandy,1
26.792931740002814,59.83574842977588,64.86758696691304,79.01539180374425,7.164314480956515,Cotton,Sandy,0
41.7613966553134,29.72378077086172,52.63271137892899,64.64774522815037,29.877250602438675,Cotton,Clay,0
33.93415877991789,29.99191115069847,33.295529552029265,37.31669847087966,26.731901736711855,Tomato,Clay,1
38.84433910624945,74.31931987316034,69.121679171408,50.49947525955481,10.946684400368664,Potato,Clay,0
30.079112793155765,4.814283597835345,58.95252461441754,73.7939271351486,23.141583187961615,Onion,Loamy,0
32.30711653879077,90.28949951919873,45.103510736751396,48.78694962770783,40.05042769676665,Wheat,Loamy,0
29.77553081456592,85.22638743911814,83.79374330550415,22.214894047856863,29.930879052286677,Potato,Loamy,1
20.857289633941335,66.78046832264066,21.465388247871328,36.50923489068116,5.748949026282748,Tomato,Loamy,1
36.67356345784516,59.32215701073843,42.10412058746472,69.02014055208218,27.85305336422762,Cucumber,Loamy,0
23.423170873225672,89.23024981396523,23.98169784443526,55.09491111927325,35.43417666518975,Tomato,Sandy,0
15.729478992943616,18.533017952871443,73.65691213551389,55.55070690336602,39.84246688325682,Cotton,Loamy,0
34.364168877215036,7.896916219082861,69.14752178796547,70.67750399819424,31.82676135307907,Potato,Sandy,0
20.31332038221147,23.95101699095381,43.19465531154219,72.57811402237533,8.480250062498403,Cotton,Clay,0
43.21375753058743,79.45782787001903,67.29640315449511,74.38548002456054,35.79849006291787,Wheat,Clay,0
43.617857310077625,3.4670266726483323,47.71560583371649,16.63944352772093,34.1897504579943,Cucumber,Clay,1
42.44593170661346,58.280683508348964,72.9377653995704,48.088820137417066,2.1969172640910277,Cotton,Clay,0
26.10476100766333,99.54375161913099,51.79285639156943,61.8356664852823,21.175635711921917,Wheat,Clay,0
15.463698495866023,85.56960938375394,48.85958094821659,62.98487915889097,17.31456210115629,Tomato,Loamy,0
42.84955687763176,52.14456890435895,85.43109408418107,52.470134137900274,33.80119114842853,Cotton,Loamy,0
27.84552444951943,6.364090928664234,37.56153699234902,21.67511346285719,11.590654803235115,Cotton,Loamy,1
43.999644571310085,83.13735143857099,28.43131379975958,65.8194387759165,29.952724225738667,Onion,Clay,0
43.90859931267758,59.89785081772106,60.91801792816207,60.4077933460462,45.747092128894444,Cucumber,Clay,0
40.5902836640208,11.493299705956684,87.85252685989252,16.02950400843254,40.09231623822178,Cucumber,Sandy,1
23.83346676208757,9.38572848233562,46.44874496090307,42.466687727206335,46.151429074609986,Tomato,Loamy,1
26.552931858057757,90.96268194365923,24.342573454014705,22.17841796652625,48.94679237970181,Onion,Clay,1
40.534100145505704,66.92002629380784,43.75136871166972,33.62339319990803,1.5228362233019754,Wheat,Clay,0
24.50766015468833,82.92867993167555,55.41521580236909,11.26567645439798,31.5143225424964,Wheat,Clay,1
20.084782400582775,87.89789002822673,31.334610464254958,38.02309078875308,21.229130490186414,Tomato,Sandy,1
31.704037873750504,57.17723520483222,66.06715526395445,48.491384480934734,43.13287002642097,Cucumber,Clay,1
43.08464322482343,51.74463517550413,89.84245723071405,53.370781497896076,13.338920398447453,Wheat,Sandy,0
35.88089390024919,43.042741032099016,51.62176331870107,56.4443241590097,49.07044496663873,Tomato,Sandy,0
32.10183510268095,31.69465877911193,44.83099897111488,68.5403919171722,31.071690507643616,Wheat,Loamy,0
17.915294813123054,43.459596085871176,48.049291678412665,25.082403509301102,39.883332709212716,Potato,Clay,1
33.45021680097509,77.38796557301563,28.06023248766408,18.433727570692756,5.194378088315648,Cotton,Sandy,1
44.7016155031279,60.19234310151316,81.82915209983567,69.6076020328548,9.989436353184388,Cucumber,Clay,0
19.202520457095723,89.2523289954846,49.037795886494635,20.962897042485494,38.16177997867596,Potato,Loamy,1
30.5498895709121,44.33800143791877,47.109208799738894,78.23320569353368,2.077339579926857,Tomato,Loamy,0
41.32119215783867,60.7089578718754,66.1783191051332,68.97767605790459,41.027021308795355,Tomato,Sandy,0
37.22305853262613,63.130755309198875,50.94233946517865,45.06136241227194,1.683501915903661,Potato,Loamy,0
35.910472229858044,59.16971623063255,65.37634281654923,78.69949974454177,33.198823114002394,Cotton,Loamy,0
36.07452251961328,70.26337730855164,24.301240309155126,16.816371037560295,18.889602091358487,Cotton,Loamy,1
25.784734536592655,23.74334683748063,76.96063406055592,31.214603282257116,30.963247783240757,Onion,Clay,0
23.8077553279348,51.23637775457907,85.83527670155819,54.6757090528428,35.10553894246657,Wheat,Clay,0
39.28083466435541,10.422480280834767,65.41357703115702,34.50048079312251,17.781285740128904,Onion,Sandy,1
39.30340184037542,38.45113276448126,86.81961502011676,74.98607863865543,6.290159957430942,Cotton,Sandy,0
41.01216955740311,48.76670686212644,30.60026200589743,14.59382617244723,4.412647519665017,Potato,Loamy,1
42.397216576694134,65.22242595454725,53.41913326362476,48.45882824426752,29.857865105564844,Wheat,Loamy,0
30.340271965828133,95.05310525862035,62.12647137618131,51.36063871765801,26.512112332971466,Potato,Sandy,0
30.045488840615988,60.06510665483559,60.72156531948307,55.69096866440569,37.367849446935494,Onion,Loamy,0
38.948855369003255,74.35939161765597,48.10232453623303,27.89663563322701,25.97703999019292,Tomato,Sandy,1
34.498917923332954,50.626605949520275,43.6659086556383,35.519649926390514,21.699843711513076,Potato,Clay,0
36.059006317731104,63.41040313763313,28.877681578529316,69.05763707654843,20.50627173357531,Onion,Loamy,0
38.873780083083034,7.093221613377343,47.421971539359475,23.645993827911187,2.295898227285706,Onion,Loamy,1
41.70016025452699,25.439158084184697,31.386257057383958,67.88074930213534,17.4423028831362,Onion,Loamy,0
25.139854705546075,36.185309320513866,71.4055973544553,49.38587960319197,48.824987718700214,Tomato,Clay,1
26.26748857919832,47.249335500651355,34.6181654846213,63.353125783585746,43.80422323512735,Tomato,Clay,0
17.81945819522607,4.564874550238374,24.09957136991737,59.95251563844301,17.139525284676665,Tomato,Loamy,0
32.34840422988522,14.002409755331769,58.6656296472064,24.525804676941533,29.801974848252236,Wheat,Sandy,1
16.078268213902263,27.68143077913058,61.666081290358115,49.8168915503711,42.517540531239206,Tomato,Clay,1
28.967940543973803,97.15326909010507,81.03391428963539,70.74062069635647,22.622442500753365,Tomato,Loamy,0
31.2793390412273,33.134700710305076,60.38871286923773,40.24813657613505,1.879935323757397,Tomato,Loamy,1
23.596237563848533,48.20410581120825,44.183659760641206,77.66135391563218,4.651012629113364,Potato,Clay,0
32.724997817070324,19.609771273839293,76.21083170684244,41.65505700712026,26.009243346086624,Tomato,Sandy,1
15.915007498171484,61.07800710757682,57.819522523119474,19.994994566751927,48.502529408118036,Wheat,Loamy,1
16.12044566247643,28.068321551597432,25.54961992418342,37.26042760543713,34.96726756872452,Onion,Sandy,1
39.67801681978975,20.699257843842677,59.609539221927264,76.6191684473376,4.474893380489907,Potato,Sandy,0
25.805719242337886,51.65726284459791,83.56129817951637,32.3804594537898,10.278682913801276,Cotton,Clay,0
18.811815379556542,0.5505799160420821,47.74188378487544,70.7668711906944,38.794834017625654,Tomato,Loamy,0
30.667297801644132,0.7664032649225327,40.742806132986004,71.68754771773229,42.23054823785599,Onion,Loamy,0
38.09980659295832,21.906880910185777,30.042861991261404,34.513056703237275,31.26703472324095,Onion,Sandy,1
21.474630824905297,3.672136250082114,30.601186535475012,15.828036063544248,32.576735311861015,Potato,Clay,1
33.68671427457001,10.802575413069137,50.29400390392732,60.71905364111728,2.3885350687858473,Cotton,Clay,0
17.56042394981304,33.88606493387516,61.69758769130707,31.805860930979023,41.59798271949391,Cucumber,Clay,1
16.55045163505823,80.25856795798128,25.64307836187212,64.80465299803006,39.625485200370655,Wheat,Sandy,0
30.94063894704444,57.204864336930086,85.7698012317616,40.98583937823032,13.69272206106401,Cucumber,Sandy,1
31.219053648303195,51.26677259564164,72.85935322116372,43.96867196398351,35.72515927830984,Onion,Loamy,0
34.1228970449462,29.348882320812166,61.063674279856386,64.45365847239758,11.527875714824907,Cucumber,Clay,0
36.78274001167985,93.17537194328163,77.99070696572936,36.765433174313955,2.9761778915241366,Onion,Sandy,1
44.275562383876036,39.70150412371917,25.61307297684793,41.01891417260401,10.855690586928487,Cucumber,Clay,1
30.48901044903586,8.70927667957715,53.37872144131871,36.333332813873554,9.752814960960675,Onion,Sandy,1
24.688694188237378,61.70665161178013,64.10651888031643,35.713836069409595,17.549651840007513,Onion,Loamy,0
38.85558584306111,11.38383934766014,78.00570342828024,46.81626038310216,21.504025361597446,Potato,Clay,0
23.124967537862226,34.52231428016921,74.84286920344874,66.61596111508055,25.91840568338769,Cotton,Sandy,0
28.169142621169083,50.74119387178089,39.39484747993798,35.323781834579606,24.36093989990808,Onion,Clay,0
17.35369144026798,87.42225246851758,85.8616118691443,46.69783043764157,14.26305569229918,Wheat,Sandy,0
15.760522302463725,49.35465803401187,28.704208900160925,56.95091278098206,2.429362760129649,Wheat,Sandy,0
43.87945244033775,70.22587660316643,81.25935330348065,28.86076124125585,30.649979489620385,Tomato,Sandy,1
40.079403615366175,99.28168389990704,87.9658174723233,29.42659634316748,20.391496662520364,Onion,Clay,1
35.87922618281094,13.148911989798162,32.40074662558379,75.33891889164184,15.634935711989936,Onion,Sandy,0
27.268588332428095,27.47315255195195,70.54462449426497,60.647420133176205,43.480111098695104,Onion,Loamy,0
20.19882960212537,39.45760755976464,22.819986314459893,50.40306733563162,37.59042208210983,Cucumber,Clay,0
19.69311128013258,42.18281785388314,48.37959775974085,55.34040380944284,43.03051187024967,Onion,Loamy,0
22.50728694493786,41.102107526554576,56.13983094383718,12.050961017239285,25.254156940910587,Onion,Loamy,1
31.476799941183614,90.76110025565549,60.64516581367439,53.26720758931878,7.415631354212096,Wheat,Clay,0
36.437877681001865,71.40326444668564,85.51560737739916,45.66562112569413,35.114850369942346,Cotton,Sandy,0
34.80592130153194,60.79052140907037,67.05754811059363,48.2024775845605,11.097615216921586,Cotton,Loamy,0
23.398016908378285,30.93727178627821,53.68945658534659,35.159667878157194,22.62025378549412,Tomato,Clay,1
43.64595841989582,82.37903842212947,76.67725253861225,15.703172839905932,4.185038658495536,Wheat,Sandy,1
37.13690750087305,95.5060511484989,86.53729746680862,23.533746352843654,41.440111718726136,Onion,Clay,1
31.63062157534202,82.11982825502265,21.54463040776036,76.55212992488703,7.171091411327528,Cotton,Clay,0
33.35162238703057,0.15651051914729042,88.7764890579227,38.60896935896538,45.25177784541617,Potato,Clay,0
27.588001872833697,63.6401370183407,26.029249734457622,42.66782090816049,43.3472995108163,Potato,Sandy,0
22.431929685034724,5.1135381442100725,77.00707454881329,13.68968528974073,23.764555457523056,Potato,Loamy,1
25.679180359537845,25.760722033372186,39.623432678598874,12.629636068078641,37.474042010895545,Onion,Loamy,1
37.735383313931074,5.952470034777169,29.25257604277102,60.20270129327304,31.35280861708951,Onion,Clay,0
15.431804658892677,60.37954529493877,50.78989477996844,47.66662648847779,40.3507064745495,Tomato,Clay,1
18.482179215207488,68.65899134926067,65.07696056133295,45.60941889513867,22.15844993850969,Tomato,Sandy,1
16.380079260652582,11.448763806590511,46.66662915164325,27.018717129586808,39.50461572797315,Tomato,Clay,1
16.221864069569104,38.38388830449795,23.819578579788928,62.132551214094555,23.66038403619225,Cucumber,Clay,0
40.66381752033021,45.6236508955542,61.962279776110165,21.77656053759443,47.107323604296894,Potato,Clay,1
36.109735781400715,36.90530217609166,83.16822932774724,23.2954320562714,24.83223294043223,Onion,Loamy,1
29.225214872619755,12.102500048519305,46.825075616307615,42.249851994379284,23.66834432475275,Potato,Clay,0
17.935024819530042,41.89477901874754,35.143294434157895,30.039590347835862,39.468521216612125,Tomato,Loamy,1
29.74847625350497,75.11780478084181,50.980414215297074,27.322408686320244,41.25730689628106,Onion,Sandy,1
29.204153123416972,7.100766453325546,23.385389773414662,55.16663511873322,28.169966601737368,Wheat,Sandy,0
20.196056097300456,8.018001408190345,77.43413091361924,55.56802216529812,9.810092861258694,Cotton,Loamy,0
28.01554947713919,35.47712918359842,77.84385676651307,67.71619488599504,23.920153316921397,Cotton,Loamy,0
26.955142031921206,94.1725711618925,61.16003244007399,39.239599688108314,48.435552642574244,Tomato,Loamy,1
33.47550294156649,66.85726467229141,44.71720222568726,15.115956371830517,37.89632345892007,Potato,Loamy,1
34.052809526029314,67.86699566725648,75.98483551120484,29.156646944502036,40.746967590077475,Wheat,Clay,1
16.359120293161336,36.1919990837865,58.8280917351857,78.60038242377719,2.608449442142766,Onion,Loamy,0
26.238378438794136,59.36607912085384,77.81526159850114,51.738100266289145,23.925113669073834,Potato,Loamy,0
33.77579747142709,1.0131184027743378,64.20211548081144,59.68159593607142,32.68443554922021,Tomato,Loamy,0
30.094087757402633,63.60960464095422,74.9083831248958,10.515048073779017,41.67160149777566,Potato,Clay,1
40.69469523564967,91.32869475762368,61.8994095252432,46.27440125277646,3.414409025555802,Tomato,Clay,1
34.760808948568354,61.25734683448192,48.98987477509664,12.62700602722622,42.769505396451784,Cucumber,Clay,1
19.88803281244289,87.3698593466345,87.05621019482963,49.846114846401356,27.871645900353673,Cotton,Sandy,0
17.117062422012896,72.39730554660937,57.87796774151913,74.45395947452528,10.668384558226936,Cotton,Clay,0
34.27257834618947,12.055841640369025,62.356266297837685,77.78933913502856,16.5455056060353,Potato,Loamy,0
15.795339316248654,90.24533072858418,35.434134759032446,47.83868727722469,14.814548035826476,Wheat,Clay,0
32.5732674382039,6.644384435577488,63.79555525990936,42.074336367655114,27.012092680135314,Onion,Clay,0
43.20690724274873,53.39674725477638,60.01253546380607,76.15119659739457,3.5325983156454592,Tomato,Loamy,0
32.26422533627637,14.213712379345766,32.93868785629175,57.15268823976866,8.768271766496252,Onion,Clay,0
26.645097786195656,1.1706610730904066,24.17109681472006,14.542949567688662,40.821959125413336,Cotton,Sandy,1
34.29864655327059,42.2034260127639,62.305152380033974,42.60079043672483,7.497595546593742,Wheat,Clay,0
28.7475867147455,29.504070765415623,73.45845885452243,26.817151292501272,12.436417203448222,Wheat,Sandy,1
31.36850367947805,48.6000493797603,56.638095964540575,42.88630250140771,23.215159674603708,Onion,Sandy,0
43.24394426329576,57.71998867345508,35.8740837723752,41.88259004044532,26.33892351755319,Cotton,Sandy,0
26.58307913402323,4.373907230894735,66.65653836851244,50.75013619703194,38.416913501093774,Onion,Loamy,0
43.83571691471742,12.300329512374564,25.607400862672158,34.97393432444758,22.9192889066432,Potato,Clay,0
42.160519258681916,55.86423964504254,50.92835933613682,21.498931461914964,39.7033664307414,Wheat,Sandy,1
20.873734043678894,34.316735317265824,31.435673087889413,45.26036042129694,31.298969045227416,Wheat,Sandy,0
17.080839026254964,72.9173487549448,32.912133574191834,68.11420190420334,6.5418872317673005,Potato,Clay,0
18.0233400413228,65.22916485919397,34.160576441074255,56.48085596473216,8.66024048124909,Cotton,Loamy,0
15.546654769546493,84.56043629899068,47.06949399307845,33.68575061476511,22.41465254703877,Wheat,Loamy,0
17.83328882267785,69.24928266692253,23.580514393427833,75.48661159312,20.44758026136294,Cucumber,Sandy,0
35.490203202490704,42.99310773901481,47.845540865036874,73.85452998744276,37.433669212227436,Cucumber,Loamy,0
17.13565945380687,67.29666223944324,55.81952129802906,24.654387956886914,29.45611985007024,Cucumber,Clay,1
24.569268908812838,27.538117425541852,53.83059994764277,12.759230958425409,20.018520969110217,Tomato,Loamy,1
40.34625932908364,30.63134987782127,46.79488702821284,61.89160958455336,9.367253889068897,Tomato,Clay,0
15.698158072074776,78.89851599207933,78.74026256495267,67.93271829444073,12.115018013949262,Cotton,Sandy,0
39.43405447766807,44.64195164015822,30.172868469435286,77.75051961659487,29.19954990498389,Potato,Clay,0
23.455643243201997,79.83803405183525,55.398772064696175,72.28854758618175,21.748501440089832,Onion,Sandy,0
18.544944828649687,82.24223736682784,24.3428991869588,52.037433774449035,26.23144793417293,Cotton,Clay,0
35.90211496092452,85.75623376612837,24.980897521453684,47.10366374486666,9.363194329809449,Onion,Clay,0
33.86828540339652,91.66352358412072,60.17060947739674,11.94887358838104,33.48240636488372,Cotton,Loamy,1
41.32416040581159,43.098522051329624,59.62128974214747,27.26595127913445,42.774398301942384,Tomato,Clay,1
37.05213131411657,31.886681832113883,81.462345899112,42.17303262130485,13.639035832558129,Cucumber,Sandy,1
39.10442791154546,58.21987465941139,59.05115729620512,53.99527300584975,25.084197065759504,Potato,Clay,0
23.461037177139197,37.117242343762754,87.18537142833951,49.007628332288746,48.800839122024186,Tomato,Sandy,1
20.323186313391684,60.1074166800233,23.408639387995084,61.984519277718334,17.328845286985654,Potato,Sandy,0
37.51844254922575,70.55858626438246,26.860537934651873,29.58368516209286,30.157270901264297,Onion,Clay,1
39.20504217801792,68.84050184921368,23.084610309926695,49.54668253567313,5.419589309811974,Cotton,Loamy,0
44.7151542600202,37.45528870201213,32.9693795233478,16.16995703735545,30.694735121492716,Wheat,Clay,1
27.378530307342793,16.68602016987528,57.888907765917466,38.95658665082449,5.391956891926277,Wheat,Clay,0
26.160542573783495,43.05293384622075,65.19005269991996,62.51125830682207,48.00253633086728,Potato,Loamy,0
38.29238882225991,14.259414408190874,23.190961056406817,58.53805974003308,36.06746995154326,Cucumber,Sandy,0
25.224106207590538,89.00970351838083,86.21796228919195,79.34499160205253,39.61982961864962,Cucumber,Clay,0
42.922719768106944,34.58774607378574,78.95157636552668,29.452378819142922,35.5011136778102,Potato,Loamy,1
40.75238255529035,15.445974722332378,40.76287375099652,44.87325094217854,29.896722767746823,Tomato,Loamy,1
27.86982082125055,2.5447759905750877,25.403127115852758,33.06712896417977,23.045726273189764,Wheat,Sandy,1
37.52613203374492,64.58223862864843,31.89209512533401,40.84221798414223,43.06029560829206,Tomato,Loamy,1
37.63628622254047,63.69023174547432,28.886108962848088,69.98650909085717,47.88494770961009,Onion,Sandy,0
18.093716065077977,34.060416658129164,28.62986455092628,57.89463526319406,25.452772472299984,Wheat,Clay,0
42.076587200386996,7.171188884765101,56.29931820660138,71.77088339433072,46.645217408607834,Onion,Loamy,0
30.157571173435713,40.9628894895232,37.20932097453802,24.24577758323205,29.58331258943736,Cotton,Clay,1
39.79372398323225,31.12174950633936,45.069780157040114,71.13527824890066,27.380825157925226,Tomato,Loamy,0
24.601488030918354,67.71206397350093,89.26537333690257,14.18335919248691,23.269653914812476,Potato,Loamy,1
41.86569685488601,60.57792494526903,67.90199742477412,72.20194963060067,11.255100314975873,Wheat,Clay,0
26.676050362024895,36.459372819754,86.42864669329009,33.035164562250955,1.1822633800849003,Tomato,Loamy,1
15.32512954440895,21.78925542549901,29.978958852318094,32.02113433898465,12.833805115947001,Potato,Clay,0
42.16145929257791,98.80359661555919,46.74976323827985,45.84620036890647,25.976435408574694,Cotton,Clay,0
17.738600303584008,45.40016211961149,58.8312262297648,75.84831314062622,19.618037660727875,Wheat,Sandy,0
24.579409127712445,68.82742357802371,25.373064332211662,13.344695527698375,22.975776172129056,Onion,Clay,1
43.50185901152415,14.055296757836079,20.29312105395705,34.65616825495217,49.05176275863843,Cotton,Sandy,1
43.51821440812668,48.55896996593978,66.93040336578423,69.9600392078335,18.16334616279705,Cucumber,Clay,0
32.203136643698585,2.7536719869465487,64.92736617610048,37.72381342048267,23.156964028645287,Potato,Loamy,0
33.95511636509398,50.545511791044994,48.75521669997282,23.940982831794692,7.542262016288158,Wheat,Clay,1
28.453365659349593,96.40174071177023,54.27508532224228,39.735592693198825,3.3499288894123946,Wheat,Loamy,0
23.796323150941937,38.420671298580025,49.08101004144628,36.988675104416856,38.99506621503224,Cotton,Sandy,1
24.85993636109748,3.8996012574911587,21.68035313914222,74.07913410266924,28.963475578526953,Wheat,Loamy,0
35.175553682311154,3.095579091934353,43.47601243522237,63.33540630201679,38.274535496150854,Potato,Clay,0
37.5712358831304,38.798675994686946,32.39575787781029,45.358088902080446,8.343277145441029,Cotton,Loamy,0
38.74737131177545,16.002493646319405,26.889693237095813,79.18593967050998,29.019609787951854,Onion,Sandy,0
38.68854428383662,2.335209632818591,86.97043037225448,42.56942718931463,13.428481242727402,Cotton,Loamy,1
17.73618309146071,75.62136139501769,61.95518075295159,14.076648157419266,12.175029028100976,Cotton,Loamy,1
29.832609141077445,45.85230088818907,71.00593989656218,28.359202527048943,1.5647746885962777,Onion,Clay,1
16.72676280049933,28.924477197265453,42.07546202862822,40.524933615351884,7.3866954548845225,Cucumber,Clay,1
31.485866469712064,90.00831830164807,47.52029906458107,20.983183690228408,16.15413746348507,Potato,Loamy,1
28.24591504120131,11.613896020052561,36.58467957277064,76.32955884268301,6.727059268956014,Cucumber,Sandy,0
41.63112548274899,95.59188289553192,26.78759696757973,63.67942284724412,49.30706358013594,Cucumber,Loamy,0
25.52745037656236,31.396671737735282,32.532214620910864,28.780104029944084,16.122999777673584,Cucumber,Sandy,1
18.512010492828175,88.84036723086813,75.825983170754,51.35631734625411,7.38587338841408,Tomato,Sandy,0
19.289750461585076,60.294287647946156,67.4282063628643,60.501440997670045,10.75503332856993,Cucumber,Sandy,0
37.84531895152416,82.67073597414874,58.28502131898338,75.88952502347585,29.797458188732346,Tomato,Loamy,0
33.546541899487835,98.40131632104642,53.256291100673764,71.71447444227874,4.138132669374637,Onion,Sandy,0
18.033680283683708,28.840543781874572,84.57039985592871,46.06345582967496,43.259272376916684,Potato,Loamy,0
17.523204183449923,96.1135485407593,25.09144634450679,64.22568338551123,48.11348428262022,Cucumber,Sandy,0
36.0290739437736,38.94818949024204,39.64205692665412,49.35013276793095,13.090623612701663,Wheat,Sandy,0
17.182890190925807,38.55119047369223,44.49564974994998,48.689272303187806,23.054668160952108,Onion,Loamy,0
39.65580177871068,34.03871042545057,74.76980685489515,18.031937083673434,2.0845881004453566,Tomato,Clay,1
36.18726681469489,54.14076073475852,89.47602341133799,18.829636061130643,32.39480101163385,Potato,Clay,1
17.440463419256993,15.41450431784871,36.846936033000716,47.06735305157202,21.282376844576856,Cotton,Loamy,0
17.54513142255576,55.37114853580112,81.20151338959565,28.82030814853046,14.23286483897623,Potato,Loamy,1
44.59918735503526,54.1704812410004,78.14359323022539,11.472583172232804,11.135018420213814,Potato,Clay,1
26.22812387268361,76.190181260487,35.72601783492367,60.59874427301486,33.04713080527926,Cucumber,Clay,0
26.11926441200673,83.36499619375856,47.95328061394558,12.274061768311547,21.39463452058341,Cucumber,Clay,1
39.383987017725076,44.044135031242405,48.677100850476336,51.66937887728382,9.803305162465689,Tomato,Loamy,0
43.41745732151576,30.233324935149376,88.47544679685909,47.743565588912006,34.76634499285438,Tomato,Sandy,1
44.58003191468613,25.933489731709447,32.66243309652288,77.81702834044631,28.68854186879799,Cucumber,Loamy,0
37.60134555776825,19.462383670487192,75.94105797733474,43.894919754334914,43.07493069154531,Cucumber,Clay,1
26.287787565927474,5.764758219902488,43.39348999211769,14.452100546445816,6.756319044948152,Wheat,Sandy,1
17.505021500960062,34.244797883471335,71.16092420433122,48.61815774645232,39.49766349527835,Wheat,Loamy,0
38.3144074778231,27.024769213078326,49.4007703006964,68.8767319431271,34.00232255404569,Onion,Clay,0
31.752127492074152,96.64173858664074,60.4851834181578,79.7794498997008,6.635535904576793,Cucumber,Loamy,0
27.726660277409287,55.77088262500439,78.28282413282918,40.12402215823508,35.046215763714315,Cotton,Sandy,0
42.19063155284208,34.72770390305075,76.29158954887188,32.420911974771975,22.635817155111692,Wheat,Clay,0
18.33592446918454,58.0467600993696,80.64962284777901,73.46573078663992,47.30425449223631,Tomato,Loamy,0
29.778753128725775,13.91967013456955,24.17321277412613,23.386949035328495,7.938956180277066,Potato,Sandy,1
15.340609343022573,44.40437492022029,68.44353871278213,53.080024052304864,32.49883614997116,Onion,Sandy,0
29.05981925982379,62.62343214210638,29.7991163705234,38.400009692666345,19.717022227684353,Wheat,Loamy,0
16.68909827045512,48.889783179245136,49.10729976128877,12.87576554688887,47.88391885895301,Potato,Sandy,1
18.564537488042156,40.177880065432426,58.40118905382819,34.310193201398846,17.168769869223546,Potato,Clay,0
18.525787403313146,99.38483888996981,48.19176393227815,28.56599657518722,48.147109565098205,Wheat,Sandy,1
34.47630906348191,88.0314762148927,56.37281730621052,58.02638077604408,45.17280670393671,Cotton,Loamy,0
37.3813463779627,62.34059581594401,89.75684161590334,76.41533483843428,14.248778530222161,Cotton,Clay,0
32.50106295291479,56.93773611822828,29.465211959899833,28.76330311650464,40.37354706449496,Onion,Sandy,1
43.86517645423626,62.06604798245841,67.28192317354979,66.80261574061772,49.78460588837179,Cotton,Sandy,0
26.246117385711123,20.131210782243325,47.720067646993066,13.875187185688667,13.380487106392835,Onion,Clay,1
23.57136258845582,39.51377432643186,29.310685923513013,47.66847070278692,22.402081296842663,Tomato,Clay,1
41.057973845683804,3.945953289089932,31.111573436201667,14.93850445969262,26.488856091771225,Wheat,Sandy,1
21.70787515558358,47.554603748682666,86.44911743719318,75.38230937914476,15.451625654389352,Potato,Clay,0
43.89667618321834,54.302458395766315,81.57210476982334,63.64458963901731,1.7479771426554582,Onion,Loamy,0
15.36463424069449,22.77497361032096,83.49293722905153,56.05649378432146,11.786332965678806,Cotton,Sandy,0
44.09636480122917,96.40288471655137,89.40729430791706,67.6727467137265,14.814907332746165,Onion,Loamy,0
16.294797358517283,90.9454610937242,34.582077300596254,55.32638568991142,22.73638536459117,Cucumber,Sandy,0
41.73429341094213,72.21432354559059,44.88075361548432,77.82610780220038,9.384021442256692,Onion,Loamy,0
30.831033272588996,53.33866287653626,66.84533209474067,59.977056350534006,43.78946347789196,Cotton,Loamy,0
44.78894388357901,86.99691596476849,53.86617779024531,74.72610267075727,35.54064550383547,Cucumber,Clay,0
17.213896942061965,13.065234382346292,49.287267336483346,46.19923244074466,5.174823400423437,Cucumber,Sandy,1
31.615628532039622,79.0509794274885,45.04678745349152,18.194508908730384,32.85453010585664,Cotton,Clay,1
44.079076068572974,12.48208139668483,61.56464423604165,46.972440499611196,33.0291673438754,Cucumber,Clay,1
30.692935325104465,79.42106625494054,60.29154000480574,18.881097964416533,47.854837508537756,Wheat,Sandy,1
33.88195914405787,27.576756825135696,31.302048384496807,51.47454354234835,1.1480226964519011,Potato,Loamy,0
35.87246066953851,87.7090581018189,53.021788626290736,43.774514236936405,13.148690040484553,Wheat,Sandy,0
28.636231943033195,94.40420938253979,58.743024334689494,53.58027784829472,46.46178248939046,Wheat,Sandy,0
33.8267424025219,14.879596940511563,59.92008571119733,10.703288673838212,46.67456185451587,Cotton,Sandy,1
32.529429357693004,46.267560506539354,34.70750350386463,23.638834415875486,36.30873454916123,Cotton,Clay,1
42.034740314729675,98.09873781626851,71.95899745766008,44.39313023384916,38.52240273132946,Potato,Sandy,0
16.363391410243736,48.34074359731466,21.763936637474874,76.53524931123944,5.482664938552708,Onion,Sandy,0
23.42889568776691,86.35475225145451,44.83822988802139,36.85263282486109,26.17991590413345,Wheat,Sandy,1
43.51234452229676,58.87315221313199,74.61488539749435,39.706041823754425,12.34756657316097,Cucumber,Loamy,1
41.70791351672749,37.53299079196019,59.47250447387816,60.028726230463555,9.879684137067246,Potato,Loamy,0
28.669702583571386,28.57835555258702,38.28137027576022,52.265493010028266,40.704861657043296,Wheat,Loamy,0
33.6039779340461,20.322309108608728,68.64671835401333,30.924830506883325,7.616868697346824,Onion,Loamy,0
23.32143548943398,76.17981913776973,59.71736609092514,38.75714768971994,23.963930212822877,Cucumber,Clay,1
20.64363479171284,38.65405068230279,75.7370526619471,25.23898592000627,46.990333739715616,Wheat,Clay,1
28.910952148199463,51.12754622007512,71.45176303328763,77.6215021391146,10.105770722701784,Tomato,Sandy,0
25.600566840781585,49.23254800011819,62.70755454253643,19.14440670901518,48.9216777631735,Potato,Clay,1
32.509683355526164,57.727902923313124,54.17243727175698,36.02857491964936,49.72011130229189,Cotton,Loamy,0
17.332039108949544,86.55771456245522,29.32274879672664,11.808728055400783,28.22524057943774,Wheat,Sandy,1
44.23184422998499,98.07393435834294,38.29331125197686,25.524564435348246,9.336994268680737,Cucumber,Sandy,1
44.586322334388086,40.758420857381694,49.33696310419597,64.63297968661084,16.489139509103886,Cucumber,Loamy,0
35.94485142059236,82.7518922106303,61.95095009044721,24.082266260221562,21.800148801150222,Potato,Loamy,1
31.082890990323612,76.45277946547176,55.95954986507134,15.604438177027593,16.156886993552924,Potato,Loamy,1
24.285828488589832,57.352895145557326,40.172916817167064,43.21172258911663,14.751143413949272,Cucumber,Clay,1
39.41385059120846,95.60471436119332,20.45250504527974,10.697846431416295,48.63925575160152,Cucumber,Sandy,1
35.54193517661638,20.04745155284028,54.736745533056975,15.933630809843322,8.514876543371535,Cucumber,Loamy,1
19.87850818034674,10.92642103096214,39.99381919935702,66.53381086940826,36.93306752712625,Wheat,Sandy,0
42.32781553481527,85.39619669554222,71.42258104973746,64.00313414017245,1.0201041825195687,Cucumber,Sandy,0
39.67611728769507,43.91498166337483,21.676238568933844,74.05971742834272,30.212950800716467,Cotton,Clay,0
43.49399739875772,84.69688542070605,60.93794679140536,69.81608051375247,45.881207193748565,Cucumber,Sandy,0
36.7715852516508,89.30902051954149,85.90319662542458,57.822289426787265,15.108770610567731,Cotton,Loamy,0
33.402455878073695,6.245759361907144,32.20864869780497,13.663300011046399,10.09077278762824,Wheat,Loamy,1
27.547291088718566,88.34647629860606,53.01546435254168,64.79940325906603,32.93230994904292,Potato,Sandy,0
42.9818545006204,44.831905536942216,26.39953942719967,69.18575675883923,35.91746895762127,Cotton,Sandy,0
40.98191668501225,51.04324890042322,63.797733858294684,65.93575020403682,34.713495428647086,Wheat,Clay,0
16.356560103185682,62.659251109321026,58.53721764173579,45.59353247156182,16.646527121047328,Cucumber,Loamy,1
15.79100923491756,92.63826067300867,48.51558669489826,26.303128705463717,13.357917705807212,Wheat,Loamy,1
26.293901006341486,1.911609442976403,56.49639150316189,69.17309829821087,47.840021198140164,Cucumber,Sandy,0
39.31659992345499,47.68434683178171,82.76022609283072,60.90139668180969,46.24167590522654,Wheat,Sandy,0
44.618283879448335,68.77220424305607,33.74060116177469,78.6532822072196,23.408513884748196,Potato,Sandy,0
19.512506733105845,72.27069576982285,21.579515819374308,20.898481842915302,42.463499441564295,Cotton,Loamy,1
32.82392146056405,69.2532431537108,80.31654192893707,25.796520813643852,23.163850404080506,Potato,Sandy,1
26.426725698930646,13.443512940812186,60.39819576715345,24.82587049170519,21.79506188555301,Tomato,Clay,1
44.09743193443809,29.93955883716812,82.34609188232898,65.47778373349357,8.681384432365437,Cucumber,Clay,0
40.263567694071256,35.87155254170135,61.78616563892208,23.08351075150827,21.893896768106668,Cotton,Sandy,1
40.149861141334135,80.4437207679505,76.71127629717918,14.666188087631426,27.333429991390542,Potato,Clay,1
29.06079479384911,27.875987241455302,50.07713543486035,79.89925646099401,2.102712044005637,Cotton,Clay,0
27.444585070129953,21.070496386720315,72.49019519017881,11.73720480116044,22.761537253594913,Tomato,Clay,1
23.20221215792119,95.74480190380962,83.91290268228991,68.46708421112059,39.28645470136482,Onion,Clay,0
16.691264899527813,0.88632851134689,60.048607460554436,35.5756789085457,34.32225676233922,Cucumber,Clay,1
40.9416712876516,99.78208556819781,32.65496053936657,68.91308218304707,32.122692454332814,Cucumber,Loamy,0
39.387030273902326,67.68212988573956,38.815833052113874,48.82343438478015,45.568215993422925,Wheat,Sandy,0
44.991530198583916,82.84692994491171,33.9051203828184,73.11418606404521,1.8835684814362705,Cucumber,Clay,0
44.89910511221716,29.461939634619316,37.2799919317013,74.83350904902386,28.295331723419473,Cucumber,Sandy,0
31.662951168078823,1.4315277667059978,41.44908145457255,10.63687268965432,39.58009357207565,Potato,Clay,1
38.06962245541531,73.78695185615301,58.85936507272319,15.27885231949518,27.525433752362094,Cucumber,Loamy,1
43.34297189647284,83.41445970006758,61.159414062468294,27.525111069959884,16.87088207643858,Cucumber,Loamy,1
40.48942172032234,74.04761319535191,49.85498230693028,56.85207914544512,7.676277689506915,Tomato,Clay,0
22.42044305229593,14.285028730083859,63.07945458745848,72.17905375580543,44.49059051899337,Tomato,Clay,0
28.516324059302804,75.34279222569691,25.710244792795613,42.195936590577396,24.067357226992545,Cotton,Clay,0
18.87478245454485,76.8922782107641,26.1451765940712,52.488118139198576,44.027644652299365,Cotton,Loamy,0
43.621530817761666,65.85405156700548,32.028062225036095,23.19498969568928,29.706753999225246,Cucumber,Loamy,1
33.1852390335264,76.61159327955862,56.26542486282413,66.34767837171798,34.03541371413504,Cucumber,Sandy,0
21.85928416510388,84.59214396777321,34.97962750888195,77.71296779474288,40.408796564544055,Wheat,Loamy,0
35.15102053217571,61.360411423745845,39.829908244480414,28.80192530402182,33.29862168540659,Cotton,Clay,1
33.543847213736875,8.860471396967906,48.02189853210959,44.63781661203824,20.504687193267948,Potato,Sandy,0
25.744881540985215,48.76278096672109,76.83062868072659,16.028127735446166,26.1680358125039,Cucumber,Loamy,1
18.40672776598887,7.764933467160507,20.97034951390021,49.139565952407786,40.34923070911811,Potato,Loamy,0
35.14719586778399,40.75430310324308,65.45651741656357,45.19484092926764,19.308864522276224,Cucumber,Clay,1
30.6092310271138,40.71064891256276,66.82135717284797,20.11055389085543,20.017951381656356,Potato,Sandy,1
38.16955175206918,6.600984414024158,75.90590462496456,40.94463491826525,5.688815686842056,Onion,Loamy,1
30.604905033359803,34.88205339694793,85.29270573422193,33.38732564605942,45.81463732586564,Potato,Loamy,0
40.5654450095562,11.099809879131485,21.409649426450287,46.52816127136325,5.460779432326645,Cotton,Clay,0
31.557205163234567,80.82352100092221,30.764859385925135,50.995803480015944,32.76224969497924,Cucumber,Sandy,0
31.828139146061588,94.76880259644707,82.03199058391951,10.594690502504665,21.246529461337087,Cotton,Sandy,1
41.29960807975035,7.231647525793861,52.09629935309108,63.270418806468875,20.875350122516675,Potato,Sandy,0
27.104485986371913,95.51152072917014,59.521344725342445,59.911000430321856,34.29803999206151,Tomato,Sandy,0
19.02045685351922,52.25765993367452,66.41190426062032,35.64004703445656,4.287592898864057,Tomato,Clay,1
15.863480289400169,29.95656779538739,67.53466231469461,13.705515489817278,30.091583364620295,Tomato,Loamy,1
37.65411767020857,7.686207527616351,85.22182823215557,62.845277784953524,38.82955751264539,Cucumber,Loamy,0
33.60928654060394,50.06242680704178,89.78645921881687,76.86226123346927,41.58242513644311,Wheat,Sandy,0
36.12239304297671,79.45155444907486,70.41102226516583,26.810611721540994,9.35598908029499,Onion,Sandy,1
21.388924845267322,70.70864772666981,40.10548464436056,32.64672296159265,44.97353345383051,Potato,Sandy,1
19.09114426760309,5.022601146397376,81.58266816060404,22.86690226372705,33.151158500524666,Wheat,Loamy,1
15.436339970036459,7.290183536790352,23.44546401785331,50.38552863413878,44.21088524021346,Tomato,Loamy,0
25.51762676419791,40.28732826326371,36.175659701214734,20.838897625321845,24.778755138399717,Potato,Sandy,1
32.69753060563899,29.52904940479433,82.81700022246004,34.933576042296565,27.559633909762898,Wheat,Clay,0
26.76732135299197,23.238432305604782,37.93340601075485,58.790910975398404,46.03287557440488,Cotton,Loamy,0
28.124247660711873,28.10044989087136,35.445574173522395,49.20811881065439,45.095567624378916,Tomato,Loamy,1
42.12476083481245,80.34827432968846,29.668770519817308,37.05237950295547,22.9598827950811,Wheat,Sandy,1
25.44766401069901,92.92280536318539,80.13782303528416,39.41747212652793,14.446218950148406,Cucumber,Clay,1
30.419684674794325,40.510269452756646,55.00407814337607,49.34776178362606,20.265351293648944,Cotton,Sandy,0
38.50959038223429,90.61110021324971,67.24252421379083,10.410530952101292,20.000452097957737,Tomato,Sandy,1
26.896283469638107,32.1495701247882,36.734646885252076,15.49569079175269,15.056476874156903,Onion,Clay,1
33.662601006836205,47.64369863437916,73.06282947078515,71.68806474341082,14.160400612315362,Tomato,Clay,0
40.87091126240236,22.602899781599973,73.2003881473469,15.451529236390353,43.19208388750625,Cucumber,Clay,1
43.485618709729266,64.0476042175844,41.88186174358101,59.476251734735364,4.423234113548423,Onion,Loamy,0
19.41220442787114,97.89811151748088,48.7477843107198,74.40267148763368,34.202947922880114,Onion,Sandy,0
42.79762875484484,60.34930960433786,34.67831942011406,28.947852301121177,9.468182521366163,Onion,Loamy,1
29.763488792386145,35.78140841135489,88.3592716326033,35.934400594166,17.8807887763091,Potato,Clay,0
22.74733164896875,64.78174459905284,65.19218039408881,49.82449840913014,4.015608672607006,Potato,Loamy,0
28.77407268714784,12.292067846538757,85.41807165008609,71.71962787470093,14.228708205917641,Onion,Clay,0
44.40097725856431,88.86590802653987,41.23698805403932,75.93339110822942,38.65263248474486,Cotton,Clay,0
29.77854281978609,50.30839507798363,74.73236390978228,61.769427367788765,44.36575090281567,Onion,Sandy,0
24.862548308625247,44.93497420396421,73.61010507193194,16.063383259828584,11.854830443215985,Wheat,Sandy,1
34.00202562950177,58.58647884535192,68.4158956306579,56.84079088743955,23.71384412368717,Onion,Sandy,0
22.204368563345792,62.47838627894025,87.59472826867604,38.721260531086344,24.045878348923114,Potato,Loamy,0
17.275899843259918,7.177580622651303,47.54887352744208,42.94906996437431,43.80518998222698,Potato,Sandy,0
18.866391657319475,68.26172212234025,29.150212651283013,13.440387324162392,38.37715359091447,Wheat,Clay,1
18.841375168733173,24.193168031552958,67.01962014708425,23.374349754245074,26.140783700034444,Wheat,Sandy,1
19.55708080536883,71.39526325065899,71.05168603340442,65.33595252735535,33.866612823116895,Tomato,Loamy,0
19.164815179482304,82.25347943841967,60.25424014211703,41.777118313350186,42.52039764155897,Cotton,Sandy,0
34.226242344096434,80.39585075525203,34.47725251933774,31.116356914180418,1.4674087472517021,Cotton,Sandy,1
20.456402531974344,55.25009674078891,55.31191591685488,36.88133517754707,20.74161152145238,Cotton,Sandy,1
25.370018499715897,52.016989231075115,41.85328155983906,69.80796593279761,45.454915196576856,Cucumber,Loamy,0
41.90365229718036,14.287596133941172,49.92265697166823,62.42993121834698,37.27533851135362,Potato,Clay,0
29.218849207886173,77.53461504031355,65.16530030912648,29.062077802675795,27.59922734236966,Cotton,Clay,1
35.02673215563081,27.140938044671437,72.16503198835841,18.22512881486613,26.952581824721538,Tomato,Clay,1
20.169596136048895,49.669542281794655,36.25572836309402,27.63987551508502,18.040734782617452,Tomato,Sandy,1
20.768670564260123,28.42740929275167,48.37277524528673,74.45295157383136,26.50550614843421,Cotton,Sandy,0
16.226058487994365,13.382836299969314,38.84130996941404,50.71121864948287,33.11377677370921,Wheat,Loamy,0
20.068051892164938,62.95576968917366,33.90421297033084,47.3436146121348,21.49978888301086,Tomato,Clay,1
23.35771017095876,5.4332034822903825,74.83710539970869,51.74755197847231,35.99350417321652,Wheat,Sandy,0
20.310314528302406,74.86452341262,83.64768861058947,35.621978602256064,43.20037913575891,Potato,Sandy,1
17.661076012711668,31.758679526111667,45.91625299792037,66.4974914223659,8.579557561058198,Cucumber,Sandy,0
18.619076133018023,0.013469300448532007,72.58952470616367,46.630037451017486,23.125804118053797,Tomato,Loamy,1
28.823363040981775,51.11291392372298,82.78967025550878,18.172353193815688,20.992984472968974,Wheat,Clay,1
21.190011552173775,4.6851908527603126,79.2286947371162,19.034558738034406,34.685775398436675,Cotton,Loamy,1
25.928095831442263,27.616955782089946,32.79693719774581,47.58014025518328,13.243505797638539,Potato,Clay,0
30.10251812564571,70.69764874557161,86.9404317059353,75.55991526495875,32.37229483266154,Onion,Clay,0
35.71184485888096,6.268962162186586,46.36735083006237,31.58464851733391,43.996972844842915,Onion,Sandy,1
16.179364195232967,83.93384923560023,43.74684628216855,70.86788182014527,21.488448389887512,Cotton,Sandy,0
38.98231196727128,0.3819922658583108,24.370192909444626,63.48669106052155,45.63976929898178,Potato,Sandy,0
33.83701168472723,24.682386920190226,54.03215578734181,27.34687100348348,49.66502320774044,Potato,Sandy,1
17.452770958466157,74.09040561520715,27.63095309486501,12.543852382136972,6.198510447449651,Potato,Sandy,1
41.20735872320331,31.627014972930677,37.397787464919816,17.12930855996679,12.419606211258072,Potato,Clay,1
42.626172015954396,10.189238806601352,42.185983523709695,60.99457536932081,47.56860782262257,Onion,Sandy,0
16.832338795645914,36.02339188004279,76.61784264441789,23.97688166284527,47.95805663758795,Wheat,Sandy,1
23.30632944441611,27.039328638452552,81.28420552771276,35.98896443537757,5.787656493951166,Potato,Loamy,0
39.18603839379184,84.27119021605549,41.172642222302876,45.11894162044974,1.7349265184796974,Wheat,Loamy,0
37.447790711509754,31.334791758514314,80.10886848712018,60.7827717915114,8.89390113956469,Potato,Clay,0
20.53563058069132,78.89324717760073,80.00616561588538,17.926185628138775,49.80462638573017,Tomato,Clay,1
21.28047970010131,89.18721448107347,73.52556652694115,38.4456483694223,9.819981213923656,Cucumber,Loamy,1
26.11416308374146,43.381741957652956,30.26865798106271,43.95510363998868,25.624832729379133,Tomato,Loamy,1
29.53568955573064,90.9943143854392,68.32259928305103,47.85789447800778,42.57246859509504,Cucumber,Sandy,1
33.54764314590888,37.73180539631929,86.15168452063982,67.28524489766517,1.9996789237221106,Tomato,Sandy,0
26.067409187093173,96.40784164901082,67.777833513701,22.017473653025185,30.619960130664516,Potato,Clay,1
28.876041483994435,8.928952452557294,43.213179437548376,66.54820162786356,14.574246994611592,Wheat,Loamy,0
37.4241281440127,68.70192665032427,55.04055222015819,58.50148993876565,43.25441090554685,Cucumber,Clay,0
16.100496086717936,49.38140404569287,65.20075303457375,48.91095699392715,14.88959631393988,Onion,Sandy,0
22.573108330320622,38.76488054556471,55.73992861099525,58.96695092818003,34.651030293813534,Cotton,Clay,0
36.40048757653658,63.27118787486009,28.396705921167886,38.84124172661595,34.03676198992245,Cucumber,Clay,1
41.856205130615976,70.38570916343312,41.844483125641446,19.68783101776872,11.85318389412236,Cucumber,Clay,1
30.35032326346998,0.43632696503090873,76.16772213875427,56.603566818575715,2.7051607935491555,Onion,Sandy,0
30.96340455795947,16.69530887471987,80.29926322668622,46.72706146799356,21.053229115484466,Potato,Clay,0
18.215160340193282,71.30460506343186,29.611002290089914,54.756236037994285,15.170464446327616,Tomato,Sandy,0
28.42237100470364,66.63854135782064,86.66707266791072,33.6599146719943,40.639909731071725,Tomato,Loamy,1
30.978517993650694,96.60475051286772,43.017583249402655,73.48066041378851,40.217845234311916,Wheat,Clay,0
22.27411510904189,76.1037790250783,66.3619617111504,51.11589080029039,23.39417365743865,Potato,Clay,0
23.07729692848143,95.0772707731338,72.62776021696769,15.978173900361167,30.719099040837726,Onion,Sandy,1
26.31852489313868,70.25405015348069,76.83623642465184,41.48627934931001,30.608716283359335,Potato,Clay,0
15.602135933331791,29.805220863944314,86.20247915581511,62.9449238320544,41.53074927295354,Potato,Sandy,0
24.66237496749535,10.536492225085647,41.90436836201758,65.58941932125907,21.825118292036677,Tomato,Clay,0
21.34344020989634,78.18238633449356,80.09545181860881,44.62179369346311,14.496887309734944,Onion,Loamy,0
24.82492056533744,64.4149221475916,29.21808324053449,72.63232995819108,13.986710988886825,Cotton,Loamy,0
18.59286395457754,4.818601239329623,69.35286344475149,28.73679060360083,27.273421684828,Cucumber,Loamy,1
41.71581842219685,36.005046590097834,71.93844106597902,38.741908806678666,23.008261933878416,Tomato,Clay,1
32.80777360662146,95.67998154842861,67.44062688409244,72.9017837398279,22.565917778261873,Onion,Clay,0
35.37306957433469,50.04011457102012,37.662031529460705,72.73797015301052,5.465729615395654,Wheat,Loamy,0
38.67513715822015,43.272913601970465,81.11302029106423,57.99989381772767,36.21158329381959,Cucumber,Loamy,0
29.95326596787172,45.7699605159294,31.82009243592765,70.12863829855542,11.473097711113624,Cucumber,Sandy,0
17.60760864262271,20.88827240051637,23.754435406458157,16.214128686936284,10.650727880227347,Tomato,Sandy,1
31.113196254556435,36.87071708647952,70.22254934283384,70.54964833454434,21.22515769359228,Wheat,Loamy,0
32.60523354062637,36.98132559871766,53.28330006629136,32.44339345851587,12.16113873927227,Tomato,Loamy,1
37.3631842255299,5.2355020187472405,79.43686139710732,22.483205869975144,29.609055098092753,Potato,Clay,1
27.94978638689038,76.75676285179182,46.83779987407813,26.755888543943243,19.201703627389104,Onion,Loamy,1
18.82740908386691,41.6504431903879,31.779501195539897,39.2577955609721,22.996674407046715,Wheat,Sandy,1
23.513277173961733,82.21798868164232,78.55095347289088,27.583440322312704,27.321296758597413,Cucumber,Sandy,1
25.892468891959055,85.03480011198954,58.42367421480502,32.439731021154934,10.973240601608437,Tomato,Sandy,1
34.377517239948034,21.199405469865805,33.243705467324844,19.448494025014945,8.63182952041096,Cucumber,Sandy,1
32.12334914006736,65.73534821701286,70.4268799010512,30.732373589129896,44.140673240806635,Wheat,Sandy,1
25.68290177693539,47.22818041629817,55.777954694265034,50.05986701794008,22.25246143873963,Cucumber,Sandy,0
44.59545746378939,88.0156737921485,62.301908756822385,40.92975956637447,21.19258687199442,Tomato,Loamy,1
33.173244580706616,21.57406791764541,52.26288367446073,34.27031328651378,2.7449953633692328,Tomato,Sandy,1
22.116803752079832,67.78132003100443,78.00962886726045,62.25164901999798,25.40083882678227,Cotton,Sandy,0
18.053474178612113,60.775212225272256,78.06939009781348,72.54569799753224,28.154316358939003,Cucumber,Sandy,0
19.585774175529963,29.53014775718328,69.65721752770703,62.97524560316779,28.38320267677866,Cotton,Sandy,0
22.378731851535242,13.660090365117261,27.37809641775236,33.240049148237546,35.64452729682133,Cotton,Loamy,0
19.82044119778667,65.16397604772766,78.71977033328483,62.11095174862876,9.696609914559577,Cucumber,Clay,0
20.59701072153917,73.85974581323308,66.9709086373037,20.638612773183585,13.358933577300322,Wheat,Clay,1
23.55285506081541,31.562734376335,68.79169162030097,19.122259166390364,40.72579279629022,Potato,Clay,1
20.201207858842643,64.48326040223138,45.40879882827102,34.19389259253113,47.411360225326305,Tomato,Clay,1
41.90296273879275,39.51309076115032,81.54956893099046,66.53916583308398,7.660704620998711,Onion,Sandy,0
17.407012369849266,71.32068832826177,70.77601201644002,27.24437730696113,25.384828170755693,Cotton,Clay,1
30.735341687107642,19.92152748940531,27.881332657043615,14.42773862290757,11.494636384239756,Wheat,Clay,1
27.311904809689846,89.02150026361744,48.544462408431386,19.219667464444857,3.9435852493941397,Cucumber,Loamy,1
44.47135850725819,28.74095964655797,82.04662533720992,70.1121477970706,16.949663568180636,Wheat,Loamy,0
18.36116706504157,36.77859877561529,23.30376911881653,54.36482993231014,8.040693634026425,Wheat,Loamy,0
26.935667971372247,5.8091952080349785,87.29916337494346,27.724081435898366,35.786720598278066,Cucumber,Sandy,1
44.08411299826106,11.15122123212764,67.5413797823694,48.87070777297269,27.152545269900777,Onion,Sandy,0
40.96521377681941,51.58619027123281,64.19631843503636,46.93057356977453,8.047889078525234,Cucumber,Sandy,1
39.512162128478394,26.75926767279715,38.939147954159395,55.880518490846285,1.452837831870204,Onion,Loamy,0
22.737084811348197,83.54802257421944,37.415425211742395,26.323128809513143,40.59969540218642,Cucumber,Clay,1
20.126627621701974,1.4693388654953843,85.94407536420168,70.50820910360784,9.63352590204813,Cotton,Loamy,0
35.05929659773293,37.90940486719362,40.87907179638859,31.655799345600897,30.704615468817533,Onion,Sandy,1
42.88127967382758,33.73455467690927,74.28537077032996,58.58921577833658,17.509173740760534,Cotton,Loamy,0
31.702886790417892,1.9327630917601035,47.51852587449554,11.128725246055042,29.688810977436745,Onion,Clay,1
32.14838068409699,12.436839900051023,29.74778495492928,36.085999092590306,16.467027722133878,Onion,Sandy,1
23.399372809808526,41.36426749186353,20.750070838675125,34.61968725711658,5.260038473920455,Cucumber,Clay,1
38.084787995758106,49.28645844474466,58.098013591067556,48.04391000081102,11.924550419329925,Onion,Clay,0
20.6113124567257,40.42897472548691,88.30451729842528,15.091538324403755,10.214869757474704,Cotton,Sandy,1
24.71037709212731,53.093767841209385,45.83953356664431,65.30919616082758,21.97294826954255,Cucumber,Clay,0
27.763093158492502,59.51316749056815,45.003463379513136,25.244656123729797,33.25590538788171,Tomato,Loamy,1
30.228311360533652,0.992382112783563,44.086413249460946,57.392647041740716,13.92649767237152,Cotton,Clay,0
22.272291972452408,46.409515945350385,56.43806861134009,66.22484862708652,1.5914268297302796,Tomato,Clay,0
18.445104742176106,96.34992408875883,50.84654183970055,49.33138693690592,26.427930848973087,Wheat,Clay,0
33.31860127324897,51.90322801295487,81.59402387089102,61.861824470538984,30.68221497858963,Cucumber,Loamy,0
23.65891659720767,67.75422674589532,55.38645542064432,56.33022185505039,48.180654206088676,Wheat,Clay,0
32.43714664267837,31.18638579168832,55.54304867319981,34.887085800640534,29.884069351569096,Cucumber,Clay,1
19.63088145822607,77.39913781527625,29.686011630438962,66.62009773234956,24.08745540952895,Cucumber,Loamy,0
29.434203055644524,77.2921481876115,88.79176786372702,30.629095891986957,29.096679668987488,Cotton,Sandy,1
30.977682976547577,52.129604765413895,37.49810236081808,49.9849042426062,46.467130863239326,Tomato,Sandy,1
16.554706104672807,97.60138232792136,25.135484722172187,62.17784173990776,41.59052913448067,Cucumber,Sandy,0
25.098128345817617,12.555021476265338,66.42023742826461,36.52691368687553,16.82595793482659,Tomato,Clay,1
19.032440308169228,1.6947664889580993,61.67564591098109,31.19373253321975,12.625463819199725,Cucumber,Sandy,1
16.90124911418303,77.0158211757096,49.060195779492204,42.15422071209759,13.869047005937608,Tomato,Loamy,1
44.69880697169836,80.71555373648826,49.553456371647464,67.25744460444075,25.716630946045438,Wheat,Clay,0
24.67061534924169,12.020722912057625,74.95447447325019,75.09452342019654,37.458423110200314,Cotton,Clay,0
39.29623337563905,26.55828329586061,33.69988480697543,48.15583890019231,25.657741151965144,Cucumber,Clay,1
22.639219642912916,1.755236336662891,77.41773232614227,56.30263437265563,4.322023395577517,Potato,Sandy,0
35.44508166671788,29.33086107805647,65.41229797265127,73.22915355672399,36.45545432155907,Tomato,Sandy,0
37.80683579669059,77.31418739186715,49.32788416456671,16.898279598905965,40.49253630487674,Tomato,Sandy,1
32.86916221823533,51.79605277125789,52.0620031608708,26.245500450631553,15.185395390866262,Potato,Clay,1
29.14728565650475,34.80955931682881,37.9653045030267,59.62300043761077,33.54216122488417,Cotton,Loamy,0
27.355227424418054,37.17392949063303,72.64800328878823,67.66211233386097,21.903003151665274,Tomato,Clay,0
25.46604799628986,0.1353625715468154,55.901231961368744,69.99203198314046,44.5668484306447,Cotton,Loamy,0
42.88587432743478,29.98005275652359,42.45981799248905,39.05750237984528,42.41605234987625,Tomato,Clay,1
39.918582233631874,64.64587416379305,61.72350810326652,16.25379316043068,26.74616791717247,Onion,Loamy,1
43.95080731999538,97.41944438163571,89.7014116435926,40.64470341097339,34.88377174486613,Tomato,Clay,1
18.72891670456634,84.70608269838995,50.46835957595877,26.151421314493764,44.2841353500831,Onion,Clay,1
36.92602425610933,2.3594964645529126,84.44839805450337,30.38375184976369,25.2901334938355,Cucumber,Loamy,1
43.150213704631135,89.85606046748393,44.15117879471963,64.0587289786254,16.349286283952274,Cotton,Loamy,0
20.436991984969804,78.3198413298626,23.83128948474901,15.28689602181208,37.92964075756948,Tomato,Loamy,1
16.994888021003327,78.03761235709804,34.296947445790025,67.93068522364915,11.783246484449897,Wheat,Loamy,0
37.23361947870177,45.79957590035715,49.308660032937894,39.93683600769184,20.03802625229606,Wheat,Loamy,0
32.234193395397355,39.80052929545028,35.37444500161983,51.724475177041654,43.42063461823289,Potato,Loamy,0
40.25486330274816,30.29157288331926,20.015892675277886,16.275656186497528,36.49669467319644,Wheat,Loamy,1
19.193171298788684,6.569485895436578,84.0501076423269,33.615135485009574,20.78673925712746,Onion,Loamy,0
38.858019355796706,22.82353634936991,79.07155878616504,16.279064331039205,11.522480618009514,Wheat,Clay,1
21.048819601432335,24.66036349780246,71.9604562040863,77.30806060167767,18.44245115077959,Wheat,Loamy,0
19.909678285971136,48.40770697102016,31.747021695222003,66.50831545283754,14.921103312144217,Wheat,Loamy,0
19.92797393792979,74.7444406596694,28.425450334699022,42.174292804952216,9.628375109248843,Tomato,Clay,1
39.43724160694146,47.38098283979466,24.73233246306682,25.652178382656977,37.423312764717174,Potato,Clay,1
34.955916620886,5.784444944716061,70.68204321410448,75.34185736748965,13.351424455658403,Cotton,Sandy,0
30.69196274307358,95.77898009882038,85.01655724815197,34.12176170088802,23.254206038220428,Potato,Sandy,1
25.764914523705073,94.27243190941122,50.13750746391259,21.268910218116233,19.907112894969345,Onion,Loamy,1
41.31601622439325,78.51895431484084,28.339847039723374,49.42150719177684,49.12179155314591,Tomato,Loamy,1
26.773353222679063,99.13279015642206,55.86749745124746,76.06418842413713,20.163519963262807,Cucumber,Sandy,0
39.497983184147316,54.448233280026294,44.41823352210411,10.26812033502258,4.919141657040985,Tomato,Sandy,1
28.17404725710655,96.27683502532061,46.23774470449984,26.66873902777991,5.401461876032117,Wheat,Loamy,1
26.308332882747226,7.560504061675077,63.49314369089951,75.69133482872853,29.946932346300176,Wheat,Sandy,0
28.880393570088195,36.568074826137135,70.31026792835416,21.97601768000134,30.368814035175014,Onion,Loamy,1
24.04133622492426,22.538126800676583,27.74225192112126,17.92704161478739,21.519190533650093,Cucumber,Clay,1
37.428281405287535,19.583308413427,22.491316156453347,49.91310510598631,22.160340923289453,Tomato,Clay,1
30.081611702774374,14.08029488926761,89.60312118800005,70.3290676306381,3.6426965592026894,Cucumber,Sandy,0
21.96638085440452,62.241364156599666,36.29098442408863,43.39768723857483,26.31077900907385,Cotton,Clay,0
41.987237198237054,78.1321855747305,23.768136743592137,79.61949796791673,25.732234293637234,Potato,Clay,0
26.516736641196342,57.82983994203607,33.2912730367144,57.5420189676595,8.327916609290282,Tomato,Clay,0
31.306585833419657,14.696270958820968,22.727049244392497,15.185243504731343,6.088129919435452,Cucumber,Clay,1
42.19416332893641,81.11237699334708,47.426762623202016,79.49824921773828,7.055052039375034,Cotton,Loamy,0
33.72713987741976,63.59547071637285,76.1681249115927,38.55259657461333,5.950384078071668,Cotton,Loamy,0
18.506941221250923,38.81657061269955,43.88711148304044,30.118177369183776,30.875701581301232,Potato,Sandy,1
43.19496370840425,67.4130295536063,51.09283848148566,49.05154285045199,10.627649967743013,Cotton,Clay,0
33.83124159214253,25.990497924283286,67.29107414972071,31.301531427460503,13.32007745718571,Onion,Clay,0
25.047168439712586,34.51922084942105,55.62258490489161,16.052025498410664,9.505035063420546,Cotton,Clay,1
19.17816217990162,91.74858431319902,80.3011980214927,10.09998401554237,47.93392991797665,Cucumber,Sandy,1
38.82075567810888,29.05045056714204,80.62249725320297,41.470834704418365,42.876255694439934,Onion,Loamy,0
33.60218267785541,46.99882681579366,20.693748684380754,68.58043955586146,12.294247030224524,Cotton,Clay,0
31.003832759289647,89.01411373960147,74.46324145382394,50.06206299410536,17.050748402184173,Wheat,Loamy,0
41.816777491528725,70.77213502675275,52.251352016917174,79.94451092604086,11.284749272944861,Cotton,Sandy,0
38.65791633673592,6.220322616470275,89.21883789125641,30.079265195303996,25.101922013580364,Onion,Loamy,1
19.550246391982533,14.730304427897034,53.82624531128046,29.631854533203875,1.9609160912384263,Cotton,Clay,1
24.351662033866447,0.7841590771916818,89.08271617718083,21.182462216376095,33.89703243594299,Cotton,Loamy,1
22.45467419443397,63.09217902291634,72.81985528440157,21.48445117857346,26.634749341064442,Cotton,Loamy,1
37.31838877718031,44.767342541041835,37.40234192293144,29.963061720703347,45.03330748675406,Onion,Sandy,1
16.005973042073382,13.427485090227552,57.68764855008704,65.4988031691469,9.055241532092293,Cotton,Sandy,0
32.0966905461395,95.79341210567705,89.4494947635008,73.40297534455135,40.401353056995454,Potato,Sandy,0
37.87376057222072,52.96597239456199,80.02714254263466,78.2561018795377,39.806089708869074,Cucumber,Sandy,0
41.30296910285249,24.189329411288917,26.815682565385476,26.260275786751684,7.231878271627459,Potato,Loamy,1
25.262452461477224,50.06035711547076,69.44603977669973,71.69082819298642,20.52940198306225,Onion,Loamy,0
39.637719140160385,67.96203327351078,44.190571010956916,32.97785624941359,9.337479416081328,Wheat,Sandy,1
18.318952108656216,7.623921797356448,20.488758331624368,17.89883811618191,13.481304522419896,Potato,Sandy,1
40.39356875203555,27.4703815047892,48.24366783188997,70.9017447864116,13.899062566696674,Cucumber,Clay,0
18.824659869959472,80.69654908839937,36.432809520747995,54.5273944250533,28.255583307262864,Tomato,Clay,0
26.918618716811018,45.966487040266124,77.32084893643301,21.53116272567432,21.15913565626281,Cucumber,Sandy,1
38.91886097338661,54.65771420322949,43.613142619203586,40.08818802591018,47.43890739630896,Potato,Loamy,0
19.497522820463214,43.28160022094693,77.9266585767672,30.108038641394735,7.192136955403251,Tomato,Sandy,1
21.877541856979246,4.389994264300512,20.04185571843567,61.57561980971379,48.71091460765974,Onion,Loamy,0
36.66757705179199,16.574977982015593,41.547340501828344,41.739136143698765,12.301293370498934,Cucumber,Loamy,1
36.601096096382236,44.554163874189086,36.881565001543336,79.24959615744694,38.870822882710804,Wheat,Clay,0
34.23442898655892,20.918546540792782,36.34971527480277,13.832148758171659,17.60952638246825,Tomato,Sandy,1
35.818453334013,4.997902865967873,24.77306338358239,34.85106862953727,8.010988375448381,Tomato,Sandy,1
31.281733300427884,84.36496640518237,33.09869892873512,43.733011697698416,43.036570077065754,Cucumber,Loamy,1
22.553971767208584,98.11925291641158,58.88846989199339,45.21934883238239,16.134184062586698,Potato,Sandy,0
25.370879805117582,79.31428739967394,40.39527509864212,32.11550756699457,33.283914807115266,Tomato,Clay,1
20.44793150404277,85.3784921704667,49.21763476304036,61.04681743682976,28.7557405692447,Onion,Clay,0
42.25351684000885,24.197713031704538,46.38068162430319,71.23229514422823,24.11605916015284,Cucumber,Sandy,0
32.50175384298362,96.06269755131997,81.31334474999262,75.7103511384504,25.295154159778416,Onion,Sandy,0
27.025542502909197,19.692570445342838,83.37092993073608,66.35653637596684,36.87965779052209,Cucumber,Clay,0
28.860174109323978,95.14298103618323,54.5069880159102,69.54061381146195,5.300872792048588,Onion,Sandy,0
43.41850018835446,99.4819293965951,43.11091652209231,48.538171043399686,33.740852435937356,Potato,Loamy,0
19.600542093482407,71.17228057460487,27.476049280165455,67.81217584987702,44.89479296853035,Cucumber,Sandy,0
32.58689496050391,98.1143731791822,86.73820155674665,31.245273640356654,3.831621653973343,Wheat,Loamy,0
30.17666036653398,56.95397795671037,24.21588614302082,37.89351334764501,7.89201362244967,Potato,Sandy,1
33.343627063039435,25.954178317609035,40.83551942977963,32.183910967298104,36.11496489839954,Onion,Sandy,1
15.543305514625215,43.699588566562085,40.86463408190029,42.71711348135478,22.42680076398626,Cucumber,Clay,1
41.16371726832455,59.35609353787859,42.42809002981504,29.990573136704548,20.77388241987073,Potato,Loamy,1
42.96354847450837,7.308156202701499,31.50007902906865,77.31280095781128,7.711365092667557,Onion,Clay,0
31.953995507676268,62.234326461724606,74.8213001646588,31.89912396039677,25.831731995171616,Cotton,Sandy,1
35.89952471630677,98.11778367622945,28.574850337619246,16.86311766776579,7.200720248622485,Cotton,Clay,1
42.67498143531887,19.010764978372762,64.4434661407214,46.87720162352894,24.35440235921648,Tomato,Sandy,1
36.217159029401955,79.25951162883833,28.669221869407224,13.996935491162345,38.41714964912118,Wheat,Sandy,1
19.57617128742784,90.78987937796194,24.937494631506958,17.738021641600636,13.654953536471012,Cotton,Sandy,1
32.288650805004394,94.37015928202209,83.66006525801136,25.35725724373724,24.55852224080664,Onion,Loamy,1
33.201451391485676,96.01356044054472,33.309013642309395,42.504517491749915,49.608782500444946,Potato,Loamy,0
27.72392013907158,52.14596387214719,77.4875108191793,40.32756526163195,34.645870744347825,Cucumber,Loamy,1
37.09332706874169,97.73079079915037,58.12416097749951,65.97843034019539,42.22648179395473,Potato,Clay,0
43.03101044307044,75.73102071344388,25.449956372613872,61.76322577188794,21.327532721466742,Tomato,Sandy,0
42.767055387203285,16.16714362369619,86.88137340066473,39.842280579349094,38.62518523316691,Potato,Clay,0
28.525181142123962,47.690010646797,37.287281689432476,33.35929453029409,2.98494947412477,Cotton,Clay,0
18.39714137522266,71.8331175372004,80.17517417468245,32.1528148843049,7.022647944570004,Potato,Sandy,1
44.54523596887004,24.734031581908333,31.816700404919494,64.17965611058062,10.950459053083044,Cotton,Clay,0
40.166942593378025,64.06151835488873,79.7760017499297,13.64506843548888,20.69564430614576,Cotton,Sandy,1
18.739880436098005,66.66004790466192,20.92601690337058,10.897515465742408,42.441499037962394,Wheat,Sandy,1
42.625256478521166,16.26997438085659,55.824631959863645,65.68810743486537,17.967036488608596,Tomato,Sandy,0
41.09689086186385,56.50853124527563,73.86098055950897,43.40024631923345,33.07643848225768,Onion,Sandy,0
30.56514171378216,77.16269109786077,85.43568622449483,19.16167969875032,35.75640044537069,Cotton,Clay,1
32.73826307234788,49.88956645359419,83.6441495344541,26.48961542161509,29.72293535032873,Cucumber,Clay,1
26.970081116103906,1.2103116776107425,77.37374086833515,75.27527671681678,18.504856440336674,Tomato,Clay,0
16.64284916466094,0.9038469079292177,82.17339447629129,70.16520829374286,29.27561374396367,Onion,Loamy,0
25.05591724937703,35.702934397001215,33.945378008595355,59.684953515678075,17.771014046697566,Cucumber,Clay,0
39.085603457940344,92.6194068431782,39.89290069982101,43.75576612361286,5.109813189048592,Potato,Clay,0
15.138960690138086,22.867677960360876,40.22779674447409,46.422653833397,49.647394931114704,Tomato,Loamy,1
25.004975150734325,63.43636888716871,46.393775170118914,78.2671174698771,7.231940227993034,Cucumber,Sandy,0
26.9450608077283,22.207587069332057,47.53244692696321,77.60393107190009,4.545070807966811,Tomato,Sandy,0
31.121868088137685,32.16699896595486,58.11887272582729,25.0688332050084,44.04800671115064,Tomato,Sandy,1
42.59566849238281,84.8042089601484,31.191583435650898,66.77731964137226,15.789898383751861,Potato,Loamy,0
25.390379830978837,72.88614422699469,68.38726646501925,23.806986631691174,32.86455172960187,Potato,Clay,1
25.40859605688683,9.539927731321063,31.729657751315454,24.947623451876595,17.12128075344941,Tomato,Clay,1
37.125037443292456,42.87020209864336,41.72159374731832,57.326512391520374,20.181259268929086,Cucumber,Clay,0
28.566538226694213,2.916976364526447,55.234159142430784,38.35007690112839,13.843535628823028,Wheat,Clay,0
21.73814468819946,48.0890146603009,75.75083930664341,75.20810849745641,17.8091562838575,Cotton,Loamy,0
28.5731854839808,66.24340117010681,71.7628463267109,16.230681442720616,21.12431962874061,Potato,Clay,1
19.225710611393996,11.850262359815156,65.18740494873656,45.80679485666451,36.3003873855248,Wheat,Sandy,0
20.2916095951867,28.888493890916568,30.90412824061191,74.29650713101849,26.0652735175048,Potato,Loamy,0
29.951033182184393,39.783662550215695,58.29317419309044,73.28795623356535,47.23469564069187,Tomato,Loamy,0
27.56776348513644,91.95310246560497,26.12125512599198,20.957044939101884,3.0521392981,Wheat,Sandy,1
42.445377032043,99.32550154229641,46.41542237576556,35.664639006751955,25.65034780896938,Cucumber,Sandy,1
25.871816973498994,4.491129899561585,48.946157120297144,53.33849800326874,29.627014652754188,Cucumber,Clay,0
32.4176505083413,76.1007923495392,22.78680076120277,21.157641933998153,46.08965231763942,Onion,Sandy,1
33.96792863758591,37.17240664023432,39.17916696289802,77.7615520432017,3.4087676574499515,Cotton,Loamy,0
15.392833697650008,39.245818622948,86.89546270865425,74.03245301093622,29.101479661825586,Cotton,Loamy,0
34.906121160501314,75.42649733470228,86.75428254807827,21.68651253241284,42.8278664978699,Potato,Loamy,1
20.341079006092542,91.84264321454087,44.662893797677754,18.48088228826898,12.854458677842592,Cotton,Clay,1
43.832109524083656,95.09285945025483,23.017007626382686,15.97859379657857,43.938325077672935,Onion,Clay,1
19.45988183259339,57.712258603832076,32.53664575297271,73.66105648256418,1.9331270544402992,Cucumber,Sandy,0
27.43872371181071,35.71211593005028,47.45524554034781,23.553666685682256,36.89027682755275,Wheat,Clay,1
17.560490042359316,78.75490858587793,86.34457885784609,39.13994499810483,46.722547837263996,Wheat,Clay,0
44.90622755537842,25.100138326230027,29.883934447602947,41.41959559564021,33.202685420363046,Cucumber,Loamy,1
30.065850309937275,56.40740288335178,73.44610905677486,51.93077309494973,22.51243295504195,Tomato,Loamy,0
32.86155051960131,35.85784615248732,27.607777756228444,15.021474062319747,3.1991698071631833,Cucumber,Sandy,1
17.012294321652824,65.66310737078761,88.68803041738938,25.873103218036114,46.085576852808806,Wheat,Loamy,1
37.498814111975335,24.03989128935069,46.713154937639445,75.20432708432482,24.044514911887163,Potato,Clay,0
21.297167792867572,19.159294573482576,74.26641772293392,73.58870750879987,2.4208404724614523,Onion,Sandy,0
41.94162868322141,91.8239086675437,43.981375796779226,64.69034531839846,34.80123249510933,Cucumber,Sandy,0
21.154189214460217,10.18036829495369,63.93682140111661,11.35808719327508,24.61002542523665,Tomato,Loamy,1
20.720631619909998,50.595790773493164,33.441125931802574,32.89047379472714,7.092920554678126,Potato,Loamy,0
16.096490035442848,22.085278296300892,30.221471350787375,53.95711147400355,11.49931865620272,Cucumber,Loamy,0
29.162008353299978,3.892996332566745,85.66448976976919,29.263314824143297,4.1600433423364676,Potato,Sandy,1
31.945233997878493,3.601881829142639,84.23530945331034,73.67106865376442,29.140383445720104,Cucumber,Loamy,0
16.97125918285057,17.522177210582733,82.12282581490177,54.372262328270935,31.479444483348452,Potato,Clay,0
38.26582850085032,86.67703545060003,63.78034151166154,15.033470212151192,25.781372619416775,Cotton,Sandy,1
28.598665042440828,28.247874397702667,76.57877478513947,73.63039121849921,41.03800451712813,Potato,Loamy,0
30.7317080798274,95.04591705752958,24.832585583796245,77.04366607233558,43.189432244092664,Cotton,Clay,0
28.222882408146845,58.16222929891936,43.43523293234754,15.439869287420784,31.165595437473204,Wheat,Clay,1
27.02289182625978,43.66141897687661,41.95921873300094,47.26521644029204,1.6250675056640969,Cotton,Loamy,0
31.789209939246536,58.00888346694546,64.49517253668293,31.23549975499193,35.066253131639044,Potato,Clay,0
19.657207377921374,51.669838522626776,44.91704414294483,37.498735353698166,21.481961629097228,Onion,Sandy,1
20.457843914858135,75.87762537573252,30.395474715057656,22.575585256873932,28.71231667809296,Onion,Sandy,1
40.85356863040552,28.249606597285226,61.75269527894806,50.465047140868876,32.80494949892534,Wheat,Clay,0
43.38346386400898,35.30503916003024,77.0068744468357,77.05855472742235,18.16159410202676,Potato,Sandy,0
26.199279488392587,89.40943025332507,46.74864461219812,45.215082019012634,45.937826753417916,Cotton,Loamy,0
23.122340194306613,94.64565131504055,29.25881005689372,15.80402069761368,7.5647684707392795,Onion,Clay,1
34.31998629717047,89.25582274864745,33.76817381189761,53.40009334341859,33.904078556770834,Cucumber,Sandy,0
27.26202513294289,41.94479939573136,36.62383136185688,33.81560961158799,1.213619417872441,Tomato,Loamy,1
15.761590669810346,78.03655030068816,40.99283150961753,69.91476327139085,46.30790416485386,Potato,Loamy,0
19.68457792098571,47.63357333010988,64.99565493544165,40.42747038215292,6.512702528666483,Cucumber,Sandy,1
36.47916686542193,49.75398521461022,62.06618391764033,23.498772625957194,5.649327277231157,Cucumber,Clay,1
34.76771825730454,20.468010905728395,68.72559030969273,23.377393588380144,17.317374019559967,Potato,Loamy,1
15.812879775104506,59.113030325851646,45.37513891720592,63.81349265048122,19.30474801591495,Tomato,Loamy,0
21.659164857988483,18.613589775334795,77.67983563159848,28.591131881515192,11.500703543821052,Onion,Loamy,1
21.93224389764214,33.15646990671938,34.28613628090322,63.70633759114561,29.67096138542911,Tomato,Loamy,0
35.15678230796185,85.50302016199352,52.832852326270775,24.412111753661957,22.702790804056214,Wheat,Clay,1
15.591316132630924,20.707580921085523,76.06571050790012,32.51804580909166,2.6746038630132833,Cotton,Sandy,1
18.123257459537214,7.115828517343282,32.61110534128335,42.584088070778954,16.662951050509733,Cotton,Sandy,0
38.99748256119568,6.90075926128163,27.690417961854806,76.02370947854155,40.71121276508536,Cucumber,Sandy,0
20.35633986163001,94.07845205031079,81.85787773815929,75.22119973276773,34.79537520823156,Onion,Loamy,0
34.582383235556236,50.69204379618346,44.00507639314371,24.481031279560145,36.518671825414145,Tomato,Clay,1
22.145483431401797,40.941207181701834,67.87090874363224,35.075332887015094,35.20772928009266,Cucumber,Sandy,1
17.983241782780354,81.08785810079185,21.774402298475692,20.457957191764063,16.237678047768632,Potato,Clay,1
22.295165729983623,83.5825927910516,68.30328218866147,45.6989555519448,5.883532181762018,Cucumber,Sandy,1
36.66800795566978,33.21910331156046,42.127091808287936,42.24077854862666,14.350892017621703,Potato,Loamy,0
40.67089404318857,69.36180574737952,23.901859751120924,73.05321137155127,41.757479709072804,Potato,Sandy,0
39.90659593700975,77.11228158518865,62.68689330836819,75.10037644537508,49.043069091370484,Wheat,Loamy,0
26.915505888553646,65.46506868659546,36.85626712512213,36.84971737051045,25.198503722336504,Wheat,Loamy,0
35.042554097119385,15.159507480009937,47.0765069436316,44.42165601132926,1.4753173912290687,Potato,Sandy,0
21.14952886247463,87.5883083517057,25.64065686005595,72.73653744022931,7.8621957945772225,Onion,Clay,0
23.794431907830397,53.90945527360087,30.301427576646173,66.4695465421543,16.781948190497022,Wheat,Loamy,0
41.89007455563359,28.24724263700037,40.858406484709064,10.25594179412545,29.350682081054536,Wheat,Clay,1
15.39005770532208,42.52281854376939,26.283165039211,32.40416949285078,4.6795886444603845,Cotton,Sandy,1
17.56525592563404,3.757109039890738,83.75783852804207,39.52419693552881,47.224507636784196,Cucumber,Loamy,1
21.23658765438082,12.786680122241755,20.42329302287849,26.08013985782622,18.889099990935634,Cotton,Clay,1
15.795966116214592,76.55467505158609,53.8702153205018,23.970013112715712,45.71662667831633,Onion,Loamy,1
20.44306305269392,0.0011634755366141114,28.627322069278602,12.644915461697577,39.24556833509406,Wheat,Sandy,1
32.49124682909077,41.65658284822922,41.537536263456396,55.03588075488324,38.016426353263476,Wheat,Loamy,0
27.64273651777494,52.251018108558846,84.82416918727859,28.375720333821597,30.72925940932937,Tomato,Sandy,1
41.780151332309245,5.4634420000972295,31.31861872917908,13.664302490191917,31.712407035540387,Onion,Clay,1
39.523306852153226,97.30781629723329,87.60826238028328,26.168551736964456,32.26215852559616,Cucumber,Loamy,1
25.254520550936277,22.612533124967193,34.40560638925952,66.13397669852885,31.807347964253523,Cucumber,Clay,0
22.782703002938774,30.419871963628086,71.90962759267808,69.60424271525827,28.1326833385197,Cucumber,Sandy,0
26.390772245018006,30.39425122550273,58.26740854281182,43.81463716353119,49.33428690566156,Onion,Sandy,0
32.70884827544423,23.04166621173499,81.91351093177315,39.12494692860803,36.882237803859105,Tomato,Clay,1
23.041909224686286,0.1473822086311416,58.77952788521917,78.44975854512472,39.07037303123354,Tomato,Clay,0
33.72446723547402,72.93447940879963,57.419145340941604,24.039526171164894,43.750677939100036,Cotton,Sandy,1
27.282349565737213,96.68454997992853,33.68206002578799,25.075149799822594,11.56634837356661,Onion,Clay,1
31.561415425559407,22.429348328504506,31.63605534361611,30.430702392547982,5.106403795657978,Onion,Sandy,1
28.0837958740595,66.30471918034225,84.15424057808599,22.09301227967611,24.661827393331333,Tomato,Clay,1
23.83397278625753,74.18963269587151,42.94867391950238,36.55559187429306,26.189954085344386,Potato,Sandy,1
43.4535992088647,84.84253790905247,46.04575784740271,73.75839588928277,41.62990721754597,Potato,Sandy,0
37.908173824792826,42.262919701360914,73.18765608998719,53.0743488440002,22.74539538483445,Cotton,Loamy,0
19.203395272993575,30.293090564042924,43.71764376959651,38.836258402858455,28.971798251671323,Potato,Sandy,1
41.05403927693739,32.52951340230311,86.6443712647302,75.40875561998503,26.82647598715946,Potato,Sandy,0
29.62293594748541,71.26213330985128,71.65494382991602,13.392496273307563,2.871936404112162,Potato,Loamy,1
41.836566806822745,81.6779466505636,61.8200469801394,24.719332453130296,31.145529933248785,Wheat,Loamy,1
38.995657678419455,18.161396775660265,81.66266123813267,49.61220235712313,41.57412100293836,Cotton,Clay,0
27.756405134077003,37.09410081577652,23.472413584463794,53.08868362352254,8.717526855714388,Tomato,Clay,0
15.674079249603523,90.19401967491501,37.99438845324461,12.76902545938292,30.122254962403193,Potato,Sandy,1
23.060320781548384,80.66935196947392,52.552543395463694,38.21271305349925,30.086916677874303,Cucumber,Clay,1
31.249026439826007,98.48584027624759,35.88849776300647,55.44077753816109,9.045063238761578,Wheat,Clay,0
34.00434659478442,75.42482596820807,72.07336311115063,58.86493824823811,7.049715112806065,Potato,Sandy,0
22.73663056299607,39.319520102792225,84.34456217376076,54.66979317613885,49.022545205847756,Wheat,Loamy,0
19.180682222184725,59.06378339946377,49.66390839516464,32.43942570526472,20.29223931299884,Cotton,Loamy,0
40.04790710397897,66.10142542473203,43.94928200783265,16.546408651853667,12.143664707452935,Cucumber,Sandy,1
44.532065421106566,7.845581631712395,87.30855124962964,39.897871249353386,9.394902678264373,Cucumber,Sandy,1
30.770705469080575,54.44969591038651,51.13967029792786,19.012810615763883,33.71248396557852,Cucumber,Sandy,1
20.150378575449103,70.93208284726096,54.23338803144983,76.3336560964467,30.862819569036663,Potato,Sandy,0
23.169219795581068,16.732130400106037,44.615491063933376,43.26196062158398,32.53405402638346,Wheat,Sandy,0
15.551720296424001,78.06317174255571,83.66839311084968,32.20814220498073,5.312295348061161,Cucumber,Sandy,1
42.428964196814974,58.37727805141116,59.82688382972955,63.64128497832301,44.78319459142341,Onion,Clay,0
18.532532486704234,95.22217856975946,73.35222110271513,44.85640148075847,20.074053443643365,Onion,Clay,0
32.29549426542761,4.24222982068917,76.82647028456205,31.702381680871504,16.35510091508754,Wheat,Clay,0
23.22165662061618,26.5326137555467,43.92943293420807,66.83774196735612,23.65571091513922,Potato,Loamy,0
31.6253400754738,60.15538792998241,50.3586031924266,70.70065057007854,20.113237221633785,Potato,Sandy,0
34.542611650555926,29.65599122059307,79.39302420843853,57.11057164020739,43.31527315381815,Cotton,Sandy,0
39.89225411121605,71.44241640712423,45.42787461730671,13.287509568536711,46.53378778469671,Cotton,Clay,1
21.1926381528181,75.9005282521931,75.5754593416296,49.64260161165725,15.869207606030704,Cucumber,Loamy,1
15.329874859754414,10.251596406647446,85.8694625802106,63.43064383980971,43.33285456553779,Tomato,Clay,0
19.106568902064218,51.38544642067677,63.62472611476049,19.555210845850752,39.29463334712029,Cotton,Sandy,1
42.00055925544315,50.889055559105586,71.91391012163223,26.006952596922236,46.60957594489333,Potato,Sandy,1
41.216702326875456,36.92807702155411,76.35681184287944,71.77465735476954,13.041765297108503,Tomato,Clay,0
32.92239306510925,93.29248625696721,79.15277542276498,11.408520529715183,29.270998355927976,Cotton,Clay,1
33.0155058130096,82.75063198732212,47.65373364997572,62.69089964781832,14.452684652281787,Wheat,Sandy,0
34.95110023638766,69.72093819096368,23.58844214231987,43.1641304760096,41.380630033734334,Onion,Clay,0
20.261138358703487,71.43266357349975,48.13133898657176,41.274051118772476,1.2608853379821485,Cotton,Sandy,0
42.4323583777488,46.17161438131191,67.16293608488628,10.496757274642102,28.67613898143341,Cotton,Clay,1
27.563115746762193,92.09945210965759,51.524527004655496,67.3578761676545,17.62096813232398,Wheat,Loamy,0
26.494155847484926,69.45954272532853,72.4274205602279,35.18774304455965,16.81150164681319,Potato,Sandy,1
30.567531158485124,72.89810616558164,44.988770062806466,47.853594191038,32.60040986938093,Cucumber,Loamy,1
16.408979003251652,86.16909037873452,64.43208987728207,57.41104804349616,42.722738016385705,Wheat,Clay,0
19.98850106268238,27.4071589342191,33.04938633977822,59.1840703506541,30.850574178272986,Cucumber,Loamy,0
37.141008492791116,80.7070903866703,72.45586056514699,76.91860411782505,42.8054759536894,Cotton,Clay,0
17.483960037753793,19.524060295649203,58.19871781691181,47.19379672656264,13.96525848217047,Potato,Loamy,0
33.09456328399165,34.53419522448878,34.28450719826204,37.980368568209926,26.455590883484074,Tomato,Loamy,1
22.36047329043963,33.56104542698427,40.433782144846504,76.75925385441955,23.076290414286724,Cotton,Loamy,0
26.678868421259295,97.85254683891405,72.40260960072827,54.94771645178648,1.5706000756517147,Wheat,Sandy,0
23.660812103120996,85.65372237479268,53.78208649630645,30.870524939358894,28.283795013896267,Tomato,Loamy,1
25.670181493948476,70.11698615902597,35.12220082751506,18.85249717824998,33.41469188316257,Onion,Clay,1
36.571377155527365,72.70567616153902,87.70898332592084,68.97881510256269,30.003805816534435,Tomato,Clay,0
23.91365146869525,56.20727944025711,70.05875138718216,35.35271219559061,37.07771504038765,Wheat,Sandy,1
31.992139208906917,94.70906671085191,86.99943827778573,56.23288049551018,28.99563689420078,Tomato,Sandy,0
29.28151206597299,49.62587528823615,49.897353175224026,42.95714935561287,4.270762487687088,Wheat,Clay,0
34.91013496087945,38.05177098698945,53.25702384842043,23.925084585652684,6.70583068015086,Cotton,Loamy,1
43.10489217974274,16.3035336931591,82.85686513295134,52.118062603432556,30.227254299653666,Potato,Clay,0
36.977162916307506,78.6205652261058,56.753453817176926,14.247814826547762,14.47398040670837,Onion,Sandy,1
21.448211357722702,73.44439320755914,69.5095238333967,38.933972190983454,4.902611322703526,Potato,Sandy,1
15.93549405183854,38.43550385241349,37.652101424687096,48.26304577645697,22.050534428978793,Potato,Clay,0
22.867921328994754,2.519341395922936,51.27085280918484,40.52328818830053,28.161807306099114,Potato,Loamy,0
32.852337921007646,83.89973277180107,28.641490606724858,62.407052267569355,17.108553429130723,Wheat,Loamy,0
16.54277440452751,1.1417983454073632,34.41860251138732,67.95474681817187,36.30125140906312,Wheat,Sandy,0
29.890987416037092,70.3699779629051,20.066039068734177,63.987015182322466,32.54475979696099,Onion,Clay,0
32.90528546750667,97.02571097260571,22.748553615406216,12.716906346826148,17.308099693491926,Wheat,Clay,1
25.027316724508825,43.766132814820345,88.40986762238505,23.589013931218055,37.98875391651947,Cucumber,Sandy,1
38.12736611237466,23.497340499595275,36.96475865957336,47.5625256484642,32.78605708411874,Wheat,Clay,0
18.197947594013154,70.48710100433817,66.43174966528014,75.43754283106608,32.2348235571772,Wheat,Sandy,0
17.254133452074264,81.71281420155852,78.7369789159728,68.44697425364818,28.117957338566335,Wheat,Loamy,0
36.8456626861081,54.64303160778473,58.5462321465595,68.97741558462612,1.558093736339087,Cotton,Loamy,0
29.864739486185954,96.70352752561462,30.720115005876934,31.22457356317724,35.128851990367565,Onion,Clay,0
35.65207189283208,5.166872165796111,70.96815061353165,40.06135279550918,19.426047764348667,Cucumber,Loamy,1
28.044820158112387,50.479559830452814,62.017598706970816,42.949416312115616,47.187875797774126,Wheat,Loamy,0
22.392060997173203,71.845394732255,71.18754125431626,21.016010834493727,41.081253782783065,Onion,Sandy,1
39.57306953022599,86.2640471149179,73.8822635999961,12.174769117111943,29.797029007034297,Tomato,Sandy,1
38.982476369069374,17.925561190779003,88.27872573793216,76.28320296223617,13.356917109144202,Cotton,Clay,0
35.8408941256328,80.00034817636814,60.1494296018697,26.84988099644547,10.982152270605663,Wheat,Sandy,1
23.16435411689888,55.27070757185453,43.914877888342126,26.79642326065419,17.67885704619991,Cucumber,Clay,1
32.706920006072615,39.65536819899632,65.3925189830166,15.836533763813168,24.351829235420908,Cotton,Clay,1
25.829216908200806,13.171502857909356,24.79084964698383,74.9955426360645,15.507209991908407,Cucumber,Sandy,0
17.747462199799024,86.52957589089124,82.81781228251104,50.58159804578404,26.231545274231657,Cotton,Loamy,0
42.51940726386728,15.727320817971535,28.356670793673775,56.69257999877477,9.103150850146111,Tomato,Loamy,0
19.104558927568842,30.978785920909925,42.948998652007276,73.81038210841368,48.907927828449495,Onion,Loamy,0
43.50712061462407,29.004553196243688,77.10217664382847,34.193411823055264,6.288303193284699,Cotton,Loamy,0
28.380173188738674,87.14140341908544,61.81186648314983,53.50551177966589,46.665262843064234,Potato,Clay,0
20.55398786515859,67.2702994208898,47.55448641942095,12.715961831022122,45.76532255873205,Tomato,Loamy,1
31.257028421350743,79.66813971913723,53.1404961562515,23.074076976179054,26.742663609155404,Potato,Clay,1
41.188375076292246,25.046789879249896,79.81831752415262,68.18720635629597,36.52060331996813,Tomato,Sandy,0
36.96674659228684,62.48740996069989,43.80030702419245,63.6737849436835,22.366366600656804,Potato,Sandy,0
39.19683443584349,57.17459831437487,80.875477936852,34.544988402000286,31.87169429957947,Potato,Clay,0
34.76350100132152,83.28303767882711,26.169410168368405,36.37674394419487,17.688220933634817,Cucumber,Loamy,1
35.768296935535574,90.60870604812605,74.37589060460415,47.34881034875056,15.756791969486821,Cotton,Clay,0
40.47586954695958,1.2156771477386807,79.32833431383155,10.016870327959419,29.33325952230617,Cotton,Loamy,1
22.490040265775576,67.40199190587927,32.72723569861371,26.88710352266195,25.408354035015037,Tomato,Loamy,1
29.682748909294215,5.1835799119729025,50.12425726605403,24.576226602575012,29.397282088349073,Onion,Clay,1
21.636283254588065,54.88586650773559,31.584984226455894,27.533806272483442,15.046368483064127,Cucumber,Clay,1
44.630040239899415,28.76327290436782,69.46228902959524,66.4134089773409,18.98093375903277,Cotton,Loamy,0
43.321780190598396,30.67765995221412,57.474343764315975,29.577169958251023,5.111000070816556,Cotton,Clay,1
16.182804341055178,35.29585034523566,64.47263426958247,23.40649254351037,3.5615422413380804,Cucumber,Loamy,1
36.16725517547066,62.12924490496101,33.75408768693478,45.29844225551221,13.419399353977797,Wheat,Clay,0
42.757449522469976,33.40499656687692,34.82221034366937,70.59515254609124,4.638096107196742,Cucumber,Sandy,0
20.417260353820005,73.26990505902803,22.904812785693444,26.89447926862499,6.084960723102294,Cotton,Loamy,1
32.038356916578884,40.45273855738697,42.54472746370108,15.497536995495908,40.833491864302914,Onion,Sandy,1
42.46464892764126,6.835320030995861,59.18212629335725,34.94833150947653,2.904811153817776,Wheat,Clay,1
16.018379357573966,78.37598424841073,80.05544397981302,62.33562771954845,33.2881969028024,Potato,Sandy,0
35.922608017405196,28.5758324592706,66.68492132210764,48.54833812863562,14.355329691954624,Cucumber,Clay,1
23.920470221176522,43.276687959926264,50.4777426379826,67.17553587020433,43.7057383546982,Potato,Loamy,0
42.73188586129591,68.54438832219016,86.71840800758964,77.17145033264637,24.764621944297478,Wheat,Clay,0
44.131747354961036,33.2456157148712,70.34716404030823,65.4863733726132,15.973246507063461,Wheat,Clay,0
43.32799467340302,5.658565614671563,85.1115642003785,52.26621551906274,26.364307848782293,Wheat,Loamy,0
29.226426499723914,37.39210470128136,56.931158129051596,44.53391116366664,19.715942933218173,Tomato,Clay,1
40.86127952967941,94.44485826943034,38.123299235519774,12.804836044378668,28.65075216882168,Cucumber,Loamy,1
40.33648195605211,64.17343972985582,23.69786804553054,78.90253851698289,6.612110547991064,Onion,Clay,0
24.573014197297667,67.1479148667207,70.82593960386953,36.84367858025298,49.852534637815005,Onion,Loamy,0
39.86746422452032,63.22821536376399,28.49120986038739,20.655974974180676,21.85223800713916,Potato,Sandy,1
16.110229041464777,19.899213895943678,41.1942589790377,56.66961987775197,18.063301345661063,Potato,Clay,0
32.888096354461595,41.833386410228016,57.27296355187282,29.900180236682154,35.80028256749698,Potato,Clay,1
21.90026511863109,75.09397983633183,59.509161144582336,51.004478965173334,18.83107091827129,Cucumber,Clay,0
18.617006573318363,10.137289755315916,62.04082378909952,51.073753549121385,41.83044094640913,Cotton,Loamy,0
17.308596048876275,27.785277608971228,31.637873124479043,41.20108746320084,23.259265493660838,Potato,Clay,0
35.88866327634419,27.631910846585363,46.58161833751541,68.52830308815298,36.25836225000631,Wheat,Loamy,0
25.196248913041984,43.2018927594506,63.20359589818767,28.547694308881013,6.26520760565244,Potato,Clay,1
36.74300314586284,98.0368740942185,87.88732052436494,41.40428141324139,42.45984009220048,Wheat,Sandy,0
16.96069022396827,6.750254668382194,70.93417963897821,47.638449001368,37.05018135212738,Tomato,Clay,1
24.45871013491831,51.870099438059505,84.58226299657704,56.453730453710975,11.374122144636319,Cotton,Sandy,0
31.184738771260115,17.936468201221047,73.35484408199238,64.87802953539126,8.119014477543546,Cotton,Loamy,0
38.721694945168906,97.06765454097442,61.42018782246803,37.63650980147793,16.498325087555596,Cucumber,Sandy,1
24.562575087962095,11.33035047274642,33.44163583954412,55.223286086761725,48.82745871556331,Cucumber,Clay,0
33.77674129311028,40.36010023615913,66.66799563247591,20.54276671479634,13.584747153785873,Onion,Clay,1
41.57933244708562,73.78849848346061,63.636569617193494,75.2853670379735,23.35023323838503,Tomato,Loamy,0
33.47589564546914,70.45544280274453,62.17284193200865,36.81411644947025,2.4709910601494793,Cucumber,Clay,1
21.988784242609015,42.272863689393226,54.285010759176856,61.06649953835069,20.464148948745393,Wheat,Clay,0
15.732023446696141,34.652416795271826,57.005962279249296,11.423875731752435,28.994680756222035,Tomato,Loamy,1
41.1029662170279,39.76123785528706,43.410976898267286,24.36310000333649,47.70310601289029,Cotton,Loamy,1
15.638082325511615,26.42762631586393,56.35188848496122,44.09577810265046,26.320066202063156,Wheat,Sandy,0
41.24105018052598,20.53329387067998,33.82891339749348,71.47767274126426,41.1362589827067,Tomato,Loamy,0
30.86811402081636,48.303969755889,76.36220781522638,46.9078604965474,27.809254485876128,Cotton,Clay,0
43.17203095538689,26.853375606760732,33.004386828909546,75.09093376057153,2.998465658340387,Cucumber,Loamy,0
38.963497073209965,28.746166489725013,25.947640292262648,43.865782760795746,16.435405484298926,Wheat,Clay,0
44.93802331600013,65.67560634745571,50.537221845001014,44.33143677151649,29.20192588372406,Wheat,Sandy,0
25.521354463551305,96.85373316998923,66.08152076542433,18.38227519503723,47.57910433062509,Cotton,Loamy,1
38.0156486679338,60.363720055937506,50.6401777453479,66.18593709065539,43.097387627810434,Wheat,Clay,0
27.057927408277266,7.697946706496628,39.3727892365916,27.287578872694375,12.189425094763534,Cucumber,Loamy,1
29.396268609117264,7.558361385406698,59.07198287233085,72.97287425606206,11.785381670939012,Cucumber,Loamy,0
33.8251638965511,95.1423220845566,44.290163478854,73.75769542312773,10.857475388581138,Cucumber,Loamy,0
41.21031342559016,29.729079030733363,85.30073830886431,76.03170783119047,46.202445918822654,Cotton,Loamy,0
44.52250407597886,9.206698608247542,84.58515977225005,46.4161342372163,42.78064150198431,Potato,Sandy,0
38.04820241593555,59.90445871503815,55.16602739804668,57.39656493485511,38.969288180394486,Potato,Clay,0
27.533003465020013,62.36487782902661,42.95187958127809,64.49611160431644,20.244020596987152,Wheat,Loamy,0
27.640710068312103,64.85048201186882,71.59926897696474,19.171023305532593,25.714654510639573,Cucumber,Clay,1
37.12746904766674,26.74020278575413,22.569906043814665,52.067003649824805,23.752255494962487,Wheat,Sandy,0
22.16331437304907,1.5110684214475034,53.233830423055586,12.400853091231816,13.416507270409259,Cotton,Clay,1
18.31422339394184,96.50153694544719,43.54263759892335,44.82962583721081,25.74637426128958,Wheat,Clay,0
25.638664729223294,25.089304569110247,84.43751195717883,20.838987713415918,2.494330844784969,Onion,Sandy,1
23.61716974962245,67.60262880525475,20.840211909087778,22.80460481734593,7.458708301375499,Potato,Loamy,1
23.889243613679703,70.66298698787095,58.69704130028444,35.55332966848211,44.44289021227837,Wheat,Clay,0
22.0082325314973,61.00074170794857,71.84645067466383,40.27060167015521,37.83230858453974,Wheat,Clay,0
16.262795689090858,31.290739421364822,53.951259126682885,53.622069717253105,21.720552043895268,Tomato,Loamy,0
15.536218042002414,27.109625376406576,25.978212111390516,15.209989290696097,26.340367751909984,Wheat,Loamy,1
44.63167169208094,59.76682827027031,88.07229730195316,45.258423286621124,19.129945412038893,Onion,Clay,0
27.83319401207587,86.60956336116915,56.260730196326854,22.78375911771708,37.29821349087295,Potato,Sandy,1
26.52979941479045,94.67337289233956,62.993037102330796,50.178262252221934,39.4251717823719,Tomato,Loamy,0
35.389418480792095,10.590580440375764,36.56268478952551,54.618322858282845,38.4009743199548,Cotton,Loamy,0
21.547616635951925,15.482861259771985,53.844865957476266,48.96964795869977,36.40797451688803,Cotton,Sandy,0
43.49883551850676,94.47362587830797,50.040464437082534,61.68068573348154,11.020712595946996,Potato,Clay,0
38.590350432466565,73.65352283347926,25.24270894013886,33.492647096863095,17.56052898278346,Cotton,Loamy,0
17.682330069367787,88.29938248297731,27.431224748322705,63.557461414319164,24.02242631420007,Onion,Clay,0
27.52742327354785,20.263263413534315,78.62307637331422,40.293695719573556,17.208856579955125,Wheat,Clay,0
41.37354922686494,58.758587110940184,36.78739665446132,43.89291488258178,37.99206980775812,Potato,Clay,0
43.34196066874231,70.11395944174737,33.647079004904136,55.367148908275,17.13832268824778,Tomato,Sandy,0
29.022045337496092,68.01118854469726,55.343801587509745,11.285086879945677,7.773372252481521,Wheat,Clay,1
33.40234167632123,40.81516908666981,73.81229919537591,55.77959549941738,20.5529821503669,Cotton,Clay,0
20.011018382762256,1.5394891691308477,24.336256300529154,53.300960435048076,49.01580720633664,Cotton,Loamy,0
44.7350587841093,58.29260568042631,60.37655437467791,31.689298172729593,12.068189233745219,Tomato,Loamy,1
21.950151041503304,25.310153917960875,28.344730998840134,16.005599942964263,30.995774288218225,Onion,Sandy,1
43.281953224053765,45.02542461428904,22.552273557793292,16.36548149391288,22.21567944214561,Tomato,Sandy,1
34.48939946977106,95.75810150838173,23.692076651355215,74.625662288966,4.4802038148170045,Potato,Loamy,0
33.232103846365774,39.903531764243475,78.39148757459088,58.2495524858086,24.905953693904916,Tomato,Loamy,0
30.38065533049526,83.98016066644267,28.25807385396431,18.897182963951828,35.40605210376731,Cotton,Sandy,1
21.92009435153276,18.854060574925114,23.160595508860435,34.97062185162345,26.147778815563118,Onion,Clay,0
20.295840960165247,67.24604980250288,50.65299210000386,51.47380957311175,43.73319712358247,Onion,Sandy,0
21.61458627210526,97.70069544389435,79.07954303594173,68.49001935634541,15.15791381622155,Cucumber,Clay,0
20.593147864327634,10.189310087293679,38.368586354251136,13.056265009910597,5.2262093938942815,Tomato,Loamy,1
38.3875342070026,0.8319942227192012,49.519883226814144,26.56431920290062,46.8917149712423,Potato,Loamy,1
25.5037577750019,43.35827926326144,22.794577279462587,72.2824293206766,19.531621126882733,Cotton,Loamy,0
16.73528029690189,9.26254830513672,51.43549598944131,10.641588512867154,29.243872021228036,Wheat,Clay,1
44.07307890422434,74.83843496762313,60.432915644599355,24.09793719557212,39.808153180379605,Onion,Sandy,1
41.51357654890277,91.45486638485589,59.96349376265014,77.13169231810761,16.89136952990345,Tomato,Clay,0
42.83256849585639,43.402097270875885,43.26986845220556,52.938129256551974,36.09206237070295,Cucumber,Sandy,0
44.847234679393054,25.871164215544095,42.08732264641949,28.316995664625452,7.635523641073574,Potato,Sandy,1
20.216857476584618,43.44033190066098,27.46365332556185,14.689376607709333,15.273393613069759,Potato,Sandy,1
26.887260567079764,72.3447817850001,45.675882445238784,11.97339383130555,8.090821170689477,Cotton,Loamy,1
37.74715427112274,0.9054161580370979,26.964626821107526,27.132155574584907,40.75029736166653,Onion,Sandy,1
35.88061854161377,58.945398948469716,73.66171612984361,71.70400737122372,11.909812526112484,Cotton,Loamy,0
19.616877190195652,61.329168488737906,87.63920084237301,39.113955800825664,36.152774214855306,Cucumber,Sandy,1
39.474993749718536,63.76882468959355,87.90521196666948,60.42333584161951,47.221621465036975,Wheat,Sandy,0
21.73321715509982,24.202207998087722,80.55497695627757,74.27995247659705,26.860838244374975,Wheat,Loamy,0
21.71452844467869,71.40527233781268,62.05545045377334,38.56283231219716,27.461430420773695,Wheat,Loamy,0
31.109232686802407,9.13914863317764,69.06059880707159,23.389415972617794,23.59064483679279,Potato,Clay,1
32.78819804525109,19.92703364668008,39.96440618762898,46.19825515998436,16.968617026288495,Onion,Sandy,0
32.402586235134336,87.74700466544819,64.15392941208344,73.5658580941898,24.30709651532094,Cotton,Loamy,0
17.744605121932647,73.87231507265663,51.89546846079142,66.30620898963905,30.53756908107121,Cotton,Clay,0
41.32382587891141,1.3745554011345251,53.74121378438527,14.608089035420765,49.31358703636231,Cucumber,Clay,1
22.96800127766118,24.83762603698002,73.04435922626107,58.480096005430724,46.95046340659299,Wheat,Loamy,0
18.885447638484123,21.440648299316457,39.73428489180762,50.032826572126766,43.24549495636297,Onion,Sandy,0
41.662442396069316,27.080632803697256,42.26277281861639,73.52242234424978,44.56739624953806,Onion,Clay,0
43.6695449468926,24.755977027988642,84.72492537900456,18.57369917952081,23.924609981310105,Cucumber,Sandy,1
40.86382851796352,6.252629574284574,23.935700639568058,47.38252792432596,33.21477203169577,Tomato,Sandy,1
39.285482241746344,45.894051659682034,53.994400888933825,71.56238854583246,44.858269423874496,Onion,Clay,0
34.65725941917065,73.27334747861651,83.89605602855032,38.70166507192201,20.2545874845763,Onion,Loamy,0
31.52572111827418,60.67317247174364,62.72541054727099,43.739644241300695,48.12636143892797,Cotton,Sandy,0
17.609602797342305,67.28716685980798,58.24849519484925,14.932247436687081,21.373517041389967,Cucumber,Loamy,1
27.25359639212096,8.114917853623915,37.482092546054865,29.47005483142376,30.453050604267567,Onion,Clay,1
26.18065551036942,95.14907101767872,44.02928423451138,32.71546544182631,35.78043095034622,Onion,Sandy,1
22.792613512809787,83.84918338430248,79.6433891063285,76.15857141214208,47.57900864072098,Cotton,Loamy,0
36.702603410657545,80.50903184956627,59.14526922379207,29.786715237881133,12.986197428561036,Onion,Loamy,1
29.876272052363124,82.29838050417675,56.03195356297459,42.26081146887564,37.56041793369347,Cotton,Sandy,0
17.431386477229438,93.27105081327613,26.970579947802023,56.991309649499584,26.519963721060027,Tomato,Loamy,0
21.60549605849434,54.42539661136977,21.121970951858618,21.35283606855142,14.159299890411413,Potato,Loamy,1
35.49776290978788,20.02820178676259,87.45796320809343,44.05096709993121,39.05373515002314,Cotton,Clay,0
17.283925784709005,61.678360785254114,46.38903171007891,61.69773276331353,28.058891728518482,Cotton,Clay,0
40.53620742146306,74.2881493667939,62.2249143469653,70.67986491189461,33.387717211834115,Onion,Loamy,0
29.85439581041923,73.79173933540254,25.58005512310995,53.83814922636987,16.822152360317148,Cotton,Loamy,0
29.41759731979944,52.14490241668801,67.81800000061327,56.83374607218635,24.582423639552644,Cucumber,Sandy,0
32.77223353978553,6.845871933357806,85.27966960941727,18.839843080919827,31.250358298415286,Wheat,Clay,1
39.740428977754476,37.11129384301278,60.29656770981938,76.2043548072443,20.840629899222357,Wheat,Sandy,0
25.43427623706579,92.07666084633573,28.828072566278742,19.280185423913764,10.720254452537365,Tomato,Loamy,1
35.34048457677191,58.4448909757426,60.72050692314337,64.22710560272589,48.120384123449895,Cotton,Sandy,0
31.97195891987373,53.83319432557134,73.64430491732566,28.537142524482316,26.061909462088252,Cucumber,Loamy,1
23.01084810508264,26.885351438219352,48.449157560181305,75.3515200590876,36.962098144097325,Onion,Clay,0
41.358899590654744,36.84489199165789,81.58864235590275,60.39716775586357,21.141312484246846,Onion,Clay,0
38.92278064820785,89.53460891531692,65.40780673501551,62.76695990848583,18.4014564372601,Potato,Loamy,0
34.75355503975277,66.64630475268358,82.94742428024418,25.334142114191835,20.951050624889124,Tomato,Clay,1
40.51745187282726,78.73870267523328,63.64537178731361,41.01279836446126,21.05063554549684,Cucumber,Loamy,1
41.01882602879407,45.434542306765515,29.190158040337696,53.24692362125005,27.664825681155726,Cucumber,Sandy,0
36.25088930145104,63.024721945615795,41.67841977736324,63.89815327446207,27.630023629086793,Onion,Loamy,0
40.11039985091016,24.838360874320752,34.125646377671984,17.27715631386727,25.36053697826071,Potato,Sandy,1
35.92414385007851,70.54608302834863,83.61785484018037,77.36557215181699,7.604503460954467,Onion,Loamy,0
35.40422315280901,42.76013337033373,73.22800471012378,72.31544693881892,25.307698446526025,Potato,Clay,0
33.55834134645553,44.25455148147456,67.34788582370042,28.924401334690906,9.286091120611923,Wheat,Loamy,1
37.58149918672923,64.93223245768817,41.06764237421352,67.59321701226324,7.180653528492493,Cucumber,Loamy,0
19.75815315879221,93.62806214689266,32.88313404351494,46.28267461278764,46.69964014971722,Wheat,Loamy,0
41.426122775967855,6.400634660862092,72.95157615922383,42.32645370934131,30.64255064423751,Onion,Clay,1
41.15530583235696,82.47432373470076,53.191056211535575,32.01038740679838,33.31501284810463,Tomato,Loamy,1
15.877418491036774,29.238311041219312,35.805268650544036,50.667801064211474,20.687889846334826,Cotton,Clay,0
39.77450251694288,44.391945450637785,63.163538471569254,61.09223823925184,45.540063703828345,Tomato,Loamy,0
18.866096024203355,2.1913328775008956,22.82336964969164,38.76530334739308,32.25859398940361,Tomato,Sandy,1
25.053565627774255,30.1046077834313,42.83191778897775,54.045343510580445,38.68932360665578,Cotton,Loamy,0
37.30524768874823,50.26312426301305,52.79898962137943,58.951904480871264,19.05956098235798,Cucumber,Sandy,0
19.822796881449246,5.617607734743901,30.35708338765841,59.77852719107001,48.04058216013715,Wheat,Clay,0
39.53901072357186,49.10957293831652,88.92581343135878,13.637626869182618,41.202603217757435,Wheat,Clay,1
39.964025338732256,92.71106288584274,34.636815521273,70.18234639795469,42.843474687712636,Cucumber,Loamy,0
30.224032012825084,10.539321810780521,29.12471910302859,42.07773203355335,9.437519103861959,Cotton,Clay,0
15.191576151505007,76.44407280755044,34.247441172082745,28.36912571873501,14.277197185689756,Potato,Loamy,1
23.61114399524738,40.967105337599264,73.8342793211807,26.923515523577713,14.995703384495275,Tomato,Clay,1
33.507807551272265,65.5173714524338,49.785396149029,43.81098789907653,14.274551939096687,Onion,Sandy,0
44.435585340822705,26.023659798522935,59.57911578267766,72.07820776282715,42.91499994311011,Wheat,Clay,0
33.95440581050005,15.949226254135828,21.47064098904525,36.484330717785284,2.5623549652210134,Cucumber,Sandy,1
22.794107431924793,16.046261427122644,22.41019160013202,62.48080227484803,4.72889946005794,Onion,Loamy,0
34.02017109298834,7.049194564314465,51.207788487891136,16.777311169105303,14.421828660865282,Cotton,Loamy,1
31.199561391475665,18.564670490124303,77.16586702411365,43.32396915057432,10.793775757822738,Onion,Loamy,0
38.39536185453431,66.42193849889682,81.96672150952956,79.4180298274915,12.36112108025957,Onion,Sandy,0
18.20941916480875,88.16906118435081,26.069459731694813,63.93064619546359,40.0992162734117,Tomato,Loamy,0
37.83083707506084,81.41256855911618,57.6854171470716,24.73699419084291,28.593203100710298,Cotton,Loamy,1
31.23799736028331,68.51343098744842,83.92607803954894,45.10090315885375,1.2827624033554317,Onion,Sandy,0
43.88976011576984,11.043186341110268,47.15809280785204,26.35373345539966,22.036815519505566,Wheat,Clay,1
25.25616498116058,28.918744629594983,78.0696081999858,38.66926490837565,20.986361415667588,Cotton,Loamy,0
33.97865679401845,30.980687532246897,29.358695807960537,64.60588166144754,6.583318202782633,Wheat,Clay,0
42.960843165300524,24.99569463976212,85.47761427674591,63.985737070328256,34.1309476414714,Cucumber,Clay,0
18.07529183972038,51.50056597097231,72.5996322271912,25.96702645316696,35.402762230595066,Cucumber,Loamy,1
43.11685461709354,53.55538148796726,85.89340749508311,74.5556322708402,36.323767733552785,Potato,Loamy,0
35.636571669024406,35.68859751711102,67.36320634867545,51.479772793537876,36.69507633237101,Cucumber,Sandy,0
17.03511177315516,35.3789158736436,45.43827523995989,36.59470036734102,1.0025885196825433,Onion,Sandy,1
24.028907008404488,82.85555979060814,85.67268207673057,45.135490654660245,47.742119388489385,Cotton,Loamy,0
36.24516265935845,78.92928483196856,39.289674341642495,52.35498774064206,40.89622958567849,Cucumber,Clay,0
17.020518044063152,30.779583168074566,43.25207654432128,49.19233722920498,45.29510313287498,Wheat,Sandy,0
32.4651138052882,91.37884438732593,69.05658926012183,44.048352487532476,1.7665214700642726,Onion,Sandy,0
25.376491708588702,95.2815017002506,73.57214096677704,45.345296286258005,46.75908099350123,Cucumber,Loamy,1
33.62746553302431,32.67425420300408,85.05824386944077,22.348833729952034,40.67963790571713,Tomato,Loamy,1
16.372261014375386,35.442494879305485,34.33616863393466,66.89130330132755,42.02373800497623,Wheat,Loamy,0
41.146104184571286,50.56341534219588,75.85986246534569,47.92322239587108,5.571081851376457,Wheat,Loamy,0
44.2046690753219,94.11208125336735,71.69822373778744,19.175590319329217,37.200123417011284,Potato,Sandy,1
44.06633565857074,87.63194331423115,24.46561893775185,63.63099711079445,48.035917792462456,Tomato,Sandy,0
37.48955495228774,10.25679625835898,47.105619884714486,75.27107848641455,34.248819729489874,Potato,Sandy,0
18.90258720391896,39.27307432714162,39.7935819942069,76.31148294658735,28.957508826605718,Cucumber,Clay,0
37.747895877870675,55.33711897497719,41.314329704782125,35.831241268782094,47.335854209700855,Tomato,Sandy,1
15.737607493764045,50.313247255154,88.80628156882906,19.486181149252783,22.703918964987363,Wheat,Sandy,1
15.663706545869918,19.38630679368927,64.99441894359495,46.28797386431456,30.365384749213455,Potato,Loamy,0
24.708306574486237,85.88167711681547,70.23733104554498,17.88264605444545,24.340576381223944,Onion,Sandy,1
29.659295712139972,67.69407829968374,88.36323461205065,75.3791192958832,46.70946484665466,Tomato,Sandy,0
38.112222534233794,83.79083748518036,46.404124772034706,22.85057391486022,4.728151611509856,Wheat,Sandy,1
35.49886129819515,85.87642793494722,76.12881179169642,27.693610196581485,25.55486534044206,Cotton,Loamy,1
28.37708119130245,74.83558536657398,50.417167431314674,38.46455688194793,34.66066962788648,Tomato,Sandy,1
23.208799988449975,43.92106012497173,80.86735702704858,36.8215127991388,39.80342038268961,Tomato,Sandy,1
44.913735004731336,61.054675501542455,32.64602789179122,65.62640246785223,29.56791372476268,Cucumber,Clay,0
27.78543906707919,16.036540611974313,86.33803239449958,41.94217743856736,45.536969461951244,Onion,Clay,0
28.541610729890266,67.36454174749078,35.314019588761575,21.953778200233582,47.157580897309714,Cucumber,Clay,1
19.908714635750076,17.925325573928074,42.83543548866521,28.704692684025186,4.151641936485593,Tomato,Clay,1
38.84428646249788,69.39495905101568,72.93345638747464,45.63793696312654,20.716156437527342,Tomato,Loamy,1
35.81046677344466,22.959816075396866,47.562859909578464,20.321774219829443,2.1494920643365676,Onion,Clay,1
21.62308838366281,11.755130015021997,62.57479637365127,52.815897295220985,17.141416211347703,Onion,Sandy,0
17.47143136847528,16.52844901429574,51.12014507485999,49.60231145858021,27.306542680559506,Potato,Clay,0
35.41497906224139,0.1992135219070268,71.96589559628472,60.02916214675804,45.62895159498749,Wheat,Loamy,0
34.63533642843406,71.87396178535302,35.98318766580276,75.63932307655574,42.48116180080474,Wheat,Clay,0
23.197785809946282,73.24010490583791,24.09205910658139,73.85781927708089,7.247486606927301,Potato,Clay,0
43.52590686751231,51.493334991325945,40.995057823114635,76.22529326481819,5.55848836230389,Wheat,Loamy,0
19.531736753427005,16.13628010553837,53.20160654079012,27.130091791659066,29.874099599076686,Tomato,Loamy,1
27.970044031278057,8.355433751068976,31.7614036534875,19.209571464754823,27.07378065048035,Potato,Loamy,1
43.30847760502797,1.912896643728701,44.83581027594721,31.159369034751396,14.052504430071169,Potato,Loamy,1
27.59181950778367,16.57481769652207,47.9988112805498,72.65596209364202,45.07320114313792,Wheat,Loamy,0
34.15577842992256,89.08555349831467,24.017429058179147,78.04374322364417,46.44095406361612,Cotton,Loamy,0
26.927831938883827,24.153684170168177,60.831507372894315,70.15274657493333,20.72796047866797,Wheat,Sandy,0
23.226456070460102,35.42713272172156,81.90403995799014,17.701240478928053,44.62482529856249,Cucumber,Clay,1
44.51932943879485,10.534548448133318,30.62200390671367,76.31995986418552,19.81349581888566,Cotton,Clay,0
27.280020189451292,22.236130474817028,61.84656093810598,39.63506191455502,37.10402475965531,Potato,Loamy,0
41.82297611037403,51.922457078020514,66.53174434375924,10.651720353364757,24.321168659838484,Cotton,Loamy,1
21.898638176732586,60.775268309565256,49.35342762935018,40.96756185237355,7.006574668851966,Tomato,Sandy,1
21.3931411207525,24.535231416621105,69.07683111549889,13.224841877282731,46.46877586061405,Onion,Sandy,1
15.93402248653534,5.773215922511721,48.75120804437084,48.07145448127823,23.250733075499294,Cotton,Loamy,0
34.550004761276554,39.10328691273987,55.32461015842044,33.69878192059359,36.98986497579778,Cucumber,Sandy,1
26.055790311712833,23.420337092633414,20.514713118809887,43.140445351583416,18.991516907133317,Onion,Sandy,0
40.93074749518911,21.955392322980195,68.42040798942821,52.92192525201819,1.9251630502354984,Tomato,Loamy,0
29.196297200746713,95.98628027134552,66.2939875261307,70.81607670724742,5.92598757589996,Cucumber,Loamy,0
44.045802837441656,61.63004859257241,22.68806141284412,56.333110353035,25.314754495006294,Onion,Loamy,0
20.565765471093634,55.68784431720959,45.777507517659316,40.38342079347265,34.80825349919176,Tomato,Loamy,1
41.05869503866832,41.57751035233219,88.53222885541672,67.35994975692556,17.402031002384675,Onion,Clay,0
38.297905583752254,42.89443334301443,49.45155937980317,73.39074963011925,35.078934499704864,Onion,Clay,0
38.127655339321564,54.090500383808084,55.13617835922892,18.383197650253805,35.23314388216585,Wheat,Loamy,1
40.34349684350663,69.64298070361072,83.69511107118029,47.235308428695404,35.49285945906371,Cucumber,Sandy,1
37.830719728289964,70.21460961818295,70.20833131060294,29.91583718197109,25.13357084700491,Cucumber,Loamy,1
33.78660964894246,17.169390770544958,60.74490917869565,13.294283851386318,45.8294213559537,Cotton,Clay,1
18.937346330471627,50.0112752076627,75.84632769387508,56.79826865797897,24.970629381050163,Cucumber,Sandy,0
15.975785384737557,41.195809503410196,80.50563865191813,70.39395442214578,23.06299448133527,Cucumber,Clay,0
42.6254354344706,87.05269662693841,51.98216502160868,21.403185813417583,10.769660131520723,Onion,Loamy,1
33.499509435622144,63.14189212183764,53.25758554522848,66.86895603367304,16.07509928046049,Potato,Clay,0
38.89611872928529,53.25040664159818,47.0235654956285,69.73770134758593,3.074390133396864,Wheat,Clay,0
29.4456705453765,11.539464217891737,87.66942980129224,74.00383098665385,32.04322938719234,Cotton,Clay,0
18.519245668871832,60.56378893234115,68.80163780032453,28.569956236023668,13.178251452427551,Wheat,Sandy,1
18.755573766076512,11.720390568023342,25.82561463456506,73.27671456329224,15.90360746978779,Cotton,Clay,0
35.566958616869144,33.720657556575205,80.40717363191129,32.446392831550256,38.76991156155174,Tomato,Sandy,1
27.909176846983883,14.284196481433186,53.63919585853876,48.6636609418852,17.03383797491124,Onion,Loamy,0
21.0157418010101,69.20736470243689,24.812773449574124,13.53552295825975,12.867598708643968,Cucumber,Loamy,1
29.747836402243106,20.62521138361526,58.48020786143177,13.071676185812052,9.283829707551583,Cucumber,Clay,1
16.92626811225402,39.1859373188026,49.201499528299145,60.426124891254204,38.96806170691584,Potato,Sandy,0
32.45914205743196,89.56747776187787,81.44245834038374,41.113598458445374,7.355606641511318,Wheat,Loamy,0
23.06980213305293,20.431638339897027,34.27962225265712,27.94046627584523,23.23393425226732,Wheat,Sandy,1
38.92677301911564,50.780506395877914,77.8525226644528,23.328944721743714,25.839575687782524,Wheat,Sandy,1
24.310858767707213,41.9271661166022,59.03820838298169,56.89674436014526,34.68210572160002,Cucumber,Clay,0
28.656604472454035,1.8124041045729733,23.822721224942832,10.02810808177379,32.030890634316776,Wheat,Clay,1
15.348616197243018,79.27581135728128,88.02917109278393,66.4123818437798,40.72531297431357,Onion,Sandy,0
17.173406633836766,6.904590631459973,55.88306708722399,15.547472429095016,3.1928202623856694,Cotton,Sandy,1
26.774806692200542,47.42550209769536,40.36137979621077,23.40427304356836,15.525595514190464,Cucumber,Clay,1
29.398165041513707,56.06782949389499,52.858478939248066,37.03654767093627,14.726571819993607,Onion,Sandy,1
33.00061644357911,62.842645661458704,80.05004484622424,43.94011178012725,8.154828374013302,Tomato,Clay,1
23.749877361279097,68.86316293078755,41.343218706954445,34.84965810697592,15.169734438965714,Onion,Sandy,1
35.849456583796275,25.327238352271507,33.48734775406902,32.44985154890057,16.178500393002267,Onion,Clay,0
40.803671915676134,0.9978776658449373,29.0349872851617,77.4741208451232,26.572338634446435,Tomato,Sandy,0
38.3955296668005,72.3443662354912,40.850157887314786,54.9105776870376,33.52151946738655,Onion,Clay,0
16.188564760450713,53.56565993475786,74.60336609280304,11.640306875717174,19.67392516697889,Cotton,Sandy,1
29.415208417734867,83.61177032072487,53.01384556366832,40.11231359110192,36.254041334355676,Cucumber,Loamy,1
18.147905352545244,82.13883629006943,35.923712258547795,71.25060898207792,17.47210159039942,Potato,Loamy,0
22.261350475875822,84.33261677878832,31.632949972682443,31.10193304874676,15.223900188423258,Tomato,Sandy,1
44.59987779801439,48.50946599795402,43.291063355726536,16.618944134207176,27.518214736994192,Cucumber,Loamy,1
19.2748662870454,33.362839583686565,85.79470610199962,63.08693401129425,2.16210165498374,Wheat,Sandy,0
29.966644603540683,79.155820259137,44.011869881301706,52.42096823552569,4.909667058066018,Cotton,Sandy,0
33.54467202954358,45.12941130292549,89.16868531682448,49.92187554785527,21.480507635739826,Potato,Loamy,0
36.07394911632312,18.34421964034345,53.96613190357493,13.750359172518554,47.20272285819607,Cotton,Sandy,1
31.789460504607423,85.49740195614743,32.54147428031056,19.834930685686214,36.35407721232776,Cotton,Clay,1
15.29312542257551,88.25598767723473,82.37980642554567,53.57845773491796,5.31820190552733,Wheat,Sandy,0
24.793839247319756,46.63097561401701,52.22487611943788,24.547668902118506,42.46958262626281,Potato,Sandy,1
30.531349301541344,7.569972730978747,69.67699404531672,45.284905582389705,36.88273775980087,Cotton,Loamy,0
17.635994974345,38.782608991693124,88.85981082464062,48.141718022057546,30.936379759430004,Wheat,Clay,0
25.518807936275422,80.35376594626034,23.51227452239818,29.845503318965758,41.19435506984969,Tomato,Sandy,1
15.996093263740997,90.17740285462287,26.7686191851297,76.3897608879045,20.801382539404898,Wheat,Sandy,0
17.35735491465062,20.347274249759582,70.43197190239293,68.97248747849025,11.853551491838784,Onion,Sandy,0
26.907698286047882,6.697361202527152,39.72775023068304,60.5661455342959,26.089146066329207,Cucumber,Sandy,0
18.98147262129181,87.73504531328386,32.90109778650694,15.459570648658636,27.893246024080216,Wheat,Sandy,1
32.02622544784674,38.94049389788753,22.755331587381065,17.42910135163136,27.37799222848569,Wheat,Sandy,1
35.683949074117976,54.176096426756324,21.529269839034125,44.494694210546896,28.688615782525158,Wheat,Clay,0
39.017600973272486,96.80658120507589,74.21399221838536,21.249934443369,47.486540993719856,Cotton,Clay,1
21.004507327344303,6.656472791422285,29.410339915868498,78.47858244706319,45.210035531715334,Potato,Sandy,0
20.024477467772094,64.83180074520956,52.74044311798056,21.09641638191866,43.91013479138803,Wheat,Sandy,1
18.137035210032007,7.410542257486707,62.41277706256381,44.12274848247818,40.26942373452273,Wheat,Loamy,0
34.0929074863091,37.54689284665004,49.98462603981923,35.488473978905375,47.22797725599898,Onion,Clay,0
36.19427179460703,80.38145451934467,21.897465663536316,54.75704950178686,5.8262374422907595,Onion,Clay,0
15.947584344769261,43.34722327556344,74.84510518115363,19.032548622259746,13.991039810841235,Tomato,Sandy,1
43.086367387310695,99.71823539029504,20.735925717915745,40.12214996296736,25.25774133707466,Tomato,Clay,1
16.559138509544173,55.905928494660216,73.33229260642388,29.229352296500053,42.480190163046856,Onion,Clay,1
31.238890059032116,32.11621526359535,82.5313145651686,72.14260672701816,25.753119864613893,Potato,Loamy,0
36.27181558352749,22.011132590475313,50.29879447400206,12.840999849428655,37.653702227737845,Tomato,Loamy,1
41.129073712382564,35.05205342861618,57.48797311684588,73.96092458045214,7.809035357196895,Cucumber,Clay,0
36.42260796397284,37.25332737595508,53.38883748323576,68.30958969871003,13.368276835851448,Cucumber,Clay,0
39.051842492093755,6.8713677723960975,47.244603303640716,30.82995015085708,36.85702865684595,Potato,Clay,1
25.183505776284182,36.95741994267732,82.11971747592523,65.25034582739733,9.071966435498478,Onion,Sandy,0
39.44475341239537,46.423851973922496,82.57534574689933,12.18494922371233,18.216440798091412,Tomato,Loamy,1
17.403445391540252,72.27377522388046,43.507145524907415,77.68058852053755,13.978446632865,Wheat,Sandy,0
41.84449968181583,65.6729484721608,63.05488278102886,46.86164598128526,18.143223016901445,Onion,Loamy,0
31.42777128461209,70.87656552291543,84.8835293502105,31.229671824581168,35.70787840482055,Tomato,Loamy,1
39.51893309887481,0.8363681876857099,87.34409492589461,35.38082488162739,19.02451187599725,Potato,Loamy,1
28.569548535549004,21.766739958053606,55.62713282954333,14.648374742234815,28.20790280778907,Cucumber,Clay,1
34.30733085589575,66.16842883998565,51.69773636990287,79.25446598294275,5.896661975666072,Potato,Loamy,0
30.792079828083395,48.398936817974715,39.508602114996805,12.750436160548471,40.44586696849676,Tomato,Sandy,1
36.947685652659956,0.5313475668345946,87.1210311233287,55.84349862035013,19.124542656758116,Potato,Loamy,0
17.448899460917687,80.44946424318223,29.997001313100714,40.99151493945208,32.77817379263378,Tomato,Sandy,1
16.810562519716914,77.28095732903374,60.58807032334075,76.42413527321006,36.5440904814298,Tomato,Loamy,0
22.41309702030439,54.841916299356264,39.778518726304725,27.219981821475663,11.27338518347332,Potato,Loamy,1
19.78634040339565,6.646332577627212,39.53058032434576,47.24607767566079,44.34907426271415,Cotton,Clay,0
41.15350699776605,76.65150495325847,48.34780111633319,43.76493460079271,31.194988328740692,Wheat,Sandy,0
21.57641962074133,58.37135877313639,89.91550550709582,59.2006510835071,22.007531945822592,Onion,Loamy,0
44.27595767457394,78.19599771579591,23.847641478787544,14.760716236669435,9.934423995332757,Cucumber,Loamy,1
25.106873753133208,75.17469923958404,60.4979272742472,23.565239101634837,47.17274595715913,Wheat,Sandy,1
20.463537470660977,80.30020719578371,25.780051062469404,25.019537406499488,37.99834200244963,Onion,Loamy,1
38.690955214274375,51.80080664046248,30.81645809933633,61.670552838918276,11.193203573929194,Onion,Clay,0
34.761233265026284,14.032451819351499,50.76940592410291,23.239708742871805,17.547827961487002,Cucumber,Sandy,1
29.94587149359417,67.11574733796887,55.73220919425089,50.144423472368366,40.67403864631559,Wheat,Clay,0
31.660906528128937,62.04737850519706,38.11546858551668,25.06706743506676,35.08820549755161,Cucumber,Sandy,1
36.57605334816792,74.22531871990871,42.15199916120913,70.3137465058785,38.523430343070494,Tomato,Sandy,0
21.853642239938964,16.98810060507353,26.087691417915316,75.9529818142747,22.618854008433686,Cucumber,Sandy,0
44.89001748170226,19.497519990028923,41.22538486909754,46.294508245956834,36.10733686946618,Potato,Loamy,0
44.2437948644035,89.04095172193284,87.65909075663808,34.66162189464248,19.93819242033177,Cotton,Sandy,1
34.50977059040811,74.99777984520708,86.12951671707371,26.38404425122494,11.351882929971625,Cotton,Sandy,1
20.986273527874353,90.82284887003229,43.441480309588954,13.484670106613063,32.00117470722664,Cotton,Sandy,1
35.40684727293874,75.87153211639207,59.95977553951331,28.795005333824676,48.824682354340915,Wheat,Clay,1
17.165952269375275,59.71553059903019,83.6716773777661,55.796504596172255,16.21944759837115,Wheat,Sandy,0
15.919575066174183,65.41327370278736,20.432867584862766,47.35318519164476,23.58751001841444,Tomato,Loamy,1
22.73048665533641,88.91279239400099,76.74784992363143,76.08288947966491,34.02606718242283,Cotton,Sandy,0
28.87868870217949,57.88067545119405,86.38586869522433,37.73940837441904,27.533807824001904,Tomato,Sandy,1
41.04817516225141,63.239132432838744,26.392801403348994,58.570433962987615,42.327961989743415,Cotton,Clay,0
36.81507209298924,15.647671600360058,31.30133802230447,44.2525923232585,38.32539261700628,Wheat,Loamy,0
37.28119563599943,47.39212201161027,87.25224119399488,45.880335114694816,3.8565629892554947,Potato,Loamy,0
27.76480003344226,71.6397111958099,57.62781005482424,28.744202022288224,49.92264046226493,Potato,Loamy,1
25.378049776408886,27.09426983163654,20.99376441302066,41.84655437893998,37.867720232253895,Potato,Sandy,0
26.131162889538082,20.22541805245349,38.03423991344704,42.95494979088951,43.33126249841155,Cucumber,Sandy,1
44.62948691208173,31.382680822441557,51.496057198820175,59.464976522425374,32.90868789267198,Potato,Loamy,0
16.203275742374473,24.150062799283344,68.50362377173374,75.84479994302797,42.95797127429135,Onion,Loamy,0
41.01094488367346,21.491263703639586,71.32122646957598,33.0524894237753,6.506765771506761,Cotton,Clay,0
32.3602622571718,42.48508428680869,89.67950590478193,12.954032800690891,18.039153942406465,Potato,Loamy,1
28.158462575687714,90.78385138835341,40.12578395686313,44.74065878504478,43.944626236620145,Onion,Sandy,0
36.757729812454095,50.705964673871826,57.67540713079327,48.1122932504418,10.88110535207772,Onion,Sandy,0
29.600068242741088,18.792038081532304,57.33264835017235,21.79083857923407,4.833862830421114,Onion,Sandy,1
41.20269714244982,7.697166938087408,48.39516816130663,63.23252243932467,39.61782805731573,Tomato,Clay,0
42.02105592033776,69.61561451379252,31.841332568969413,78.94503759090442,41.938821626521516,Tomato,Loamy,0
27.651627806203663,38.279876443638784,88.42195942286898,76.20423019059227,8.96995869130513,Onion,Sandy,0
23.304833917051546,82.18309465853592,79.73220306666101,23.797422717655653,42.86295315635306,Cucumber,Clay,1
32.77050985780087,65.95107686407702,54.8833119805966,71.27542679305324,34.65162198426131,Potato,Clay,0
42.37090036850073,79.62414505413685,62.227179587882084,59.31455454881793,26.48405147761261,Cotton,Sandy,0
21.319865670169996,27.194603941844875,35.90827374917636,41.76925946648381,41.682259446287866,Cucumber,Clay,1
33.688997506904485,69.2358922461058,58.06509492742228,47.84276960273103,21.543213216629322,Wheat,Clay,0
33.94680660277562,26.406198469371876,68.64790931850331,69.47201224877207,10.505703854946464,Tomato,Sandy,0
36.99339067245843,93.90684794502916,56.06169198706122,43.60944577468612,14.957781153920068,Potato,Clay,0
18.947030553817793,63.63742815333744,89.31996194094589,36.124515837358885,25.753036896372425,Potato,Sandy,1
36.47474894046266,32.451180017534206,62.793915937340834,44.527324511819,27.03520884098561,Wheat,Sandy,0
42.270975619969235,26.951186229227265,45.96815988145183,50.53908628245344,40.47346049562045,Wheat,Clay,0
20.39049326610726,19.09265850716435,74.05064193310866,23.23543576448442,39.776283458964386,Potato,Sandy,1
22.12629974771633,69.46409588937279,31.932375810714944,73.06354111868934,29.486961303024167,Wheat,Sandy,0
44.14185282124919,21.87156129979273,46.91610695943866,57.193086418072966,39.25848868490834,Potato,Loamy,0
20.429308581284694,59.53032659274891,44.28712652643101,54.32882421362422,10.396899456389878,Cucumber,Sandy,0
40.63155280108737,26.463502692535734,50.22649665754441,16.96473583264467,3.4531618275714226,Wheat,Loamy,1
29.768335693441045,66.19689447938686,74.72458781501084,52.29217567208143,43.808057309100306,Cucumber,Loamy,0
22.416932232095313,81.49397285405392,53.89211225143852,18.467246356694464,4.702170194375709,Cucumber,Loamy,1
41.12249703817534,77.80252431446532,75.5810115186174,15.508837263677933,13.087733057455868,Wheat,Loamy,1
28.359157650079965,76.08513309307817,60.35422321979061,46.91176269496753,35.07062853159484,Potato,Clay,0
30.444520617890706,18.772240569225207,43.944860426028875,38.19498738325465,21.062948943738146,Onion,Clay,0
25.77700108199297,8.838494698451871,76.69851205784306,51.216718910935626,43.93938452585993,Potato,Sandy,0
32.788525543047825,69.89488284873856,36.68027693871641,16.245551764006702,15.601009938451208,Cotton,Sandy,1
19.905716177550683,36.83472137943513,35.706808585985684,40.16881439930809,1.5816959867986053,Wheat,Sandy,0
26.73244609955282,43.23462264033473,55.3152046838385,22.23507005316106,15.732126387476463,Tomato,Clay,1
44.082369670058625,3.1149092793391064,38.25944721734622,79.09700601468816,29.325677410056752,Wheat,Loamy,0
22.744002981033827,25.95764492750492,20.636092446585142,49.280514870462206,19.420980394761372,Cotton,Clay,0
34.70209993623877,3.3676403874464023,65.38082691091611,58.12058026586071,27.20876503217901,Cucumber,Clay,0
24.755701926740848,87.91857726012476,55.77656750306786,32.779279647782545,43.95330782291592,Tomato,Sandy,1
38.204193770598025,24.339668321853047,51.186247014521285,16.63172403455409,45.71176765728806,Tomato,Sandy,1
18.926209821550493,55.73371695730081,87.68779602328208,78.31096039484757,14.032729168051493,Potato,Sandy,0
44.094631352356345,3.897932066113041,59.98394287740396,30.038132476822824,23.644883190225134,Onion,Loamy,1
28.61368624150918,66.6847391305658,80.44021044525692,39.6665729621502,27.908056746831107,Potato,Loamy,0
22.08151390039392,32.30273457540939,29.761516534361213,55.49047451918025,47.50651038752411,Tomato,Clay,0
17.204902419900378,89.79191869576658,59.84445241905994,11.72881083802779,49.93224863905485,Tomato,Loamy,1
20.09273715262622,88.81181889340358,80.75857387116321,66.71813913621008,12.534955193234806,Onion,Sandy,0
30.593218456680532,32.529061836174776,60.81740300959286,47.56047330200342,36.62201369594496,Wheat,Loamy,0
25.11009529293859,90.09608956904678,70.26099246889011,29.47520309481755,19.523522049426564,Onion,Loamy,1
39.866500976478285,99.61576734987788,46.04304974685452,14.312558970472846,1.397301647424448,Cucumber,Loamy,1
27.92662570985418,82.5415664123948,26.47146619259466,21.374889083210903,1.4533735993592154,Potato,Loamy,1
22.461428177628896,84.4871347755229,52.053020658895,72.65237011974058,23.567734370550532,Wheat,Sandy,0
33.5143495981209,24.90087361090899,47.61355735872003,58.02169567551237,24.928410737212396,Potato,Sandy,0
36.203316506563375,57.67023988577563,80.6942127665263,27.493120514582287,2.10591513209869,Onion,Clay,1
20.011257237028495,6.725591396736785,37.07967116467306,14.592053546152068,34.65944342194082,Wheat,Clay,1
20.02857648864953,9.491793682166971,87.67139592745757,58.343071867064545,15.406166041152703,Onion,Clay,0
16.10014280800629,99.88926120332906,87.06966838631473,50.06854081774356,28.43476197526152,Cucumber,Loamy,0
37.09206045196922,32.663924942591095,37.33421501500071,38.31636671207645,15.74503458510552,Cotton,Loamy,0
34.91413582865415,74.81839120488463,44.36363688341243,35.452801443304466,9.189581428596052,Tomato,Sandy,1
29.238926272494417,80.66650530268164,82.68890186117196,25.17699931503758,20.95151319134489,Wheat,Clay,1
40.325113469075916,85.80232710072292,87.66355546272753,56.87278795762624,12.381394874734537,Tomato,Sandy,0
39.170104588501594,99.76282974021565,51.04073719852308,77.94676194557094,27.205247869039233,Cotton,Clay,0
32.560630931902566,24.149648525686786,42.469793194862845,22.300067208577808,10.742597984037518,Wheat,Clay,1
41.04813841539776,4.035082685969971,56.82658092760794,51.79816340108523,25.911892855586725,Tomato,Clay,0
21.175236301103048,41.1191517994586,68.14384444560145,39.692953902218335,8.71154722857451,Tomato,Loamy,1
18.357588581931836,13.008066982894695,39.143216076248585,41.268210522126545,33.87776076480346,Wheat,Clay,0
23.092488345509686,2.2425889162055124,71.5531222233351,27.79030960894701,37.94294653762978,Tomato,Clay,1
16.712605682679445,36.04268271414861,23.616014998024873,67.75944129629934,6.409317478246755,Tomato,Loamy,0
30.93508584003096,78.37382510752364,23.45061449350915,43.96789229030688,23.92231818982962,Wheat,Clay,0
43.098170768848846,56.61806912250709,47.040139360188164,48.03840965387849,4.472713332088805,Tomato,Loamy,1
16.18030622005529,31.277798921035405,44.74312344425044,31.333263895812802,30.310939831558116,Tomato,Loamy,1
18.663297420300804,65.43420054927196,42.09432507570066,22.72659259668648,13.955810598552624,Potato,Sandy,1
28.565970848503056,23.20181803088107,54.3713833868237,16.013727174197435,26.853598385096685,Cucumber,Loamy,1
43.01625052583715,1.4381446072085025,42.45135076180999,59.98833986474411,26.355589459830266,Potato,Loamy,0
24.484683149302516,76.43533864364274,33.458054292766434,23.736399718149894,46.29336296349622,Cotton,Loamy,1
30.217044260651775,62.374308486400906,41.66286843620206,58.305274793215844,27.905077905867422,Potato,Clay,0
16.247185771511763,76.23026245009599,88.24329909671644,37.32635122328677,29.566925506197467,Potato,Sandy,1
19.450296028862667,3.893801668766561,48.7779391896394,39.1042360692756,20.681003162454633,Cotton,Clay,0
44.598903688765404,83.71196278306522,51.1298943800835,42.842424726494016,47.504900555958024,Tomato,Loamy,1
43.95356089308137,61.95262000363033,60.3581492965798,35.739595568928024,39.08210956254087,Tomato,Loamy,1
15.148199428032289,56.33953507126401,88.83385378899587,17.043398405581307,14.984859224839237,Potato,Sandy,1
43.55435356269717,62.46140481145316,36.91208935050341,31.674226700199206,42.36626970303537,Cotton,Sandy,1
34.17359813446501,86.4433246868364,67.68974773727037,56.46140524857569,22.18742164906941,Tomato,Loamy,0
41.03754883560066,58.69365065589071,70.11892854792069,56.60490810282097,41.604690033146106,Onion,Loamy,0
28.642195669015774,58.095037988817936,62.512709175514615,30.035701506799604,41.3215153463816,Wheat,Clay,0
30.46788085737751,99.06791570657658,26.200483774565086,42.20718385903816,10.254639151379864,Wheat,Loamy,0
29.665397407707605,75.6730167068568,67.38105930793034,23.541305960835622,35.35591543779527,Cucumber,Clay,1
35.005927726383135,44.22938054511353,24.486629772532282,24.726045707088502,15.241505496020025,Wheat,Sandy,1
19.189537642689388,70.73970000329277,61.729985468492785,11.613296188462519,15.577140829640742,Potato,Clay,1
15.899207696180339,38.92304716917885,71.770682405522,72.77225849354213,15.521055767148455,Wheat,Loamy,0
24.23789824773573,22.8875462483499,34.767892343396525,24.749466555243437,36.552844130437464,Wheat,Clay,1
36.1404228820994,59.68518768877594,78.91354052799419,25.927371385552433,12.261476047834268,Onion,Clay,1
21.05560356368845,92.81820981139515,22.1247663873103,29.572100285159227,1.044385927058421,Tomato,Sandy,1
35.202972999747516,92.91395200154628,79.06690045608143,18.91856501868003,36.04660582064902,Onion,Clay,1
44.097361383218114,34.19052781054903,52.223033544993555,54.7484018226954,9.388052447921138,Potato,Loamy,0
17.81702147368255,52.7677466221695,35.231155795215116,15.26000672243106,6.119637370083898,Wheat,Clay,1
35.17806354675379,21.16358985698612,29.364470149577762,19.39416984284452,12.638289909108947,Tomato,Clay,1
28.312506579137136,99.56311094988834,86.73150173076608,55.132970861306504,19.615125593812497,Cucumber,Clay,0
41.04426763132516,98.11179078679358,25.08659113068097,33.77624343370099,24.319410046186835,Cucumber,Loamy,1
20.314493683421578,64.95089297074473,33.9365393955148,59.55634786908323,3.18393199491891,Wheat,Clay,0
35.778778566784936,80.44140596774734,44.34756432031322,49.01973212690994,48.558093298740665,Wheat,Loamy,0
40.14345868944331,71.51001612837,63.41643942727843,27.921482114305913,36.08708961755835,Cucumber,Clay,1
43.3384265842207,59.31582190394682,58.13607596932689,55.557956534252966,16.836509200892472,Cucumber,Sandy,0
35.49744084868938,5.3347996988897695,28.79504446886198,18.139157620501646,16.616165606984467,Potato,Sandy,1
29.91524292025282,45.476434255266106,40.280958861675025,47.54872681560213,22.97858491905451,Wheat,Sandy,0
33.53541720603641,67.47863021674105,36.71262397602169,40.60036735315242,31.685996315388614,Cucumber,Loamy,1
41.06714953436155,67.75316138836847,34.94799981432389,28.751150797220856,8.17228026285942,Cotton,Loamy,1
32.118292399164886,37.31226184223836,48.78010355359909,52.28034984176501,10.257560874482664,Cucumber,Loamy,0
15.911611790905106,94.16919866580305,69.28220168141598,70.99335146381978,43.11229455884399,Tomato,Clay,0
42.92846086520933,16.7357032236781,35.221705255206516,79.92332898341537,13.556491270564555,Tomato,Loamy,0
35.68580253094683,50.03594462155606,45.667521579208696,52.54339381203972,19.6295549007837,Cotton,Loamy,0
35.29540157331739,69.08839765508228,47.36421987888136,38.329411203041914,43.69232069655573,Potato,Loamy,0
21.470254571931516,69.71358058918092,88.35195706047871,25.76449701513411,33.49424364059131,Wheat,Loamy,1
34.766564106979715,64.86389567688155,86.82664498153483,27.996726257657823,17.74388208774273,Wheat,Sandy,1
26.815932169624755,27.528821345186017,76.00963079264531,43.561848470483596,34.50127774050642,Cucumber,Clay,1
34.53698931124477,15.620656868662197,36.91612445734296,35.70943908964965,1.9644775536892718,Tomato,Sandy,1
18.19779090923972,63.594032682671084,24.76261198641688,73.9670165837461,37.0464903405569,Potato,Clay,0
34.735359138091084,59.930211613943776,42.18328964044373,35.78068273589967,24.863785985295735,Potato,Clay,0
44.98241177311999,17.935601028924097,38.675618460368156,36.14112138018048,40.8459252169386,Potato,Sandy,1
16.446361165816683,70.51391455705634,55.414806010247574,36.847415870378384,47.77724494831695,Cucumber,Loamy,1
44.31522552663952,45.51719917336564,74.44095370474551,68.56341472573607,46.36363892523385,Wheat,Sandy,0
27.20723882168612,66.7760591603153,80.08260572152005,55.55518245928313,45.5539871293117,Potato,Clay,0
41.12260351011777,83.73670797701507,79.1404859787356,52.99181952232249,26.09632784076047,Cucumber,Clay,0
38.471564521748206,16.972842857692317,45.17728928561475,33.390011566870356,18.646963592807964,Cucumber,Loamy,1
32.01048782960004,1.9144867996836679,68.1064040422478,67.25329237827076,23.786730911802966,Cotton,Sandy,0
37.153476277539795,77.91025863957867,41.898393826695404,12.68547029489908,34.804904162354674,Onion,Clay,1
41.35546683904043,60.96974251526159,24.263388026462792,70.95580206366792,44.31589106668815,Potato,Sandy,0
27.12420964953099,69.96395696221217,69.10956859220596,45.892492985575075,11.142328847005858,Onion,Loamy,0
24.81099484689716,83.81549749886426,20.68792867988515,37.877516440438896,45.99146476462345,Wheat,Loamy,0
35.02780156690754,80.28109348245005,48.6427811220942,44.801709650237996,40.94383136652456,Cucumber,Clay,1
39.23537825823776,96.09201469288247,43.0565488511453,56.71908713736818,48.9639447437335,Potato,Loamy,0
37.868554043298474,53.59350788521182,68.53642769631966,10.893579856252815,44.13233689080267,Tomato,Clay,1
38.93440946575903,48.84956326599054,73.63718309322653,71.00862995207734,14.716929154903426,Wheat,Clay,0
28.06749944438799,40.18871998907301,41.286624517989864,41.2717667717975,6.191839655858337,Cotton,Loamy,0
39.53502648525065,15.369104284420454,76.81389101113975,34.007656379005475,6.499812527587842,Cotton,Loamy,0
18.606271661118253,57.26072328820224,40.57417323534536,19.677189594383997,15.269942610335528,Onion,Sandy,1
31.334672938825488,27.70125243259788,51.24284519905929,40.76257620509095,31.095002475242424,Cucumber,Sandy,1
15.172759814943648,92.13075122129754,70.89129689098937,44.74259398990652,40.41169597876145,Onion,Clay,0
24.73757489700811,58.31908042770976,68.5044160457352,38.255268614543446,45.063265042096674,Tomato,Sandy,1
25.993846046141936,59.284018050811014,89.115793061854,57.50620656788279,31.563915834092406,Tomato,Clay,0
26.885180748277662,35.492466087701004,35.76127169511523,39.46275701314582,1.2759343246546329,Cotton,Loamy,0
35.864016200695865,5.198935197770749,66.36225394777077,77.29923044926014,10.129522049408141,Potato,Loamy,0
26.65674303811037,3.174376537298862,62.677733579304416,51.94942624765143,5.88658398881503,Cotton,Sandy,0
28.460808678675917,42.33351441531975,84.05689181430209,66.52345549563363,18.802899302881492,Cotton,Clay,0
22.126323926229823,8.456537809723786,30.945349915141254,17.65491321766352,25.56619868805355,Tomato,Clay,1
26.197553748880203,60.68469555401391,72.62587145108532,37.810390506213395,3.1264617503494816,Onion,Sandy,1
21.818088817894544,88.09730056396575,59.778803138813785,33.57933910130069,18.07542081398711,Tomato,Clay,1
17.19587771305331,88.29148165187222,39.22661088515338,49.86376716956143,9.779804056640806,Cucumber,Clay,1
33.10345780144134,65.90454101322324,53.21044399030219,70.2779464042998,32.70643814668482,Tomato,Loamy,0
35.04638395665049,21.1231831472931,43.364361794885845,15.483675243340468,23.749346096892662,Tomato,Clay,1
33.584710380288435,86.29968313588721,60.551938195192264,15.080235863129754,25.27056469976153,Cotton,Clay,1
28.90482131401717,88.60934353132082,82.23004275702661,69.52223957103192,21.956897613639594,Potato,Clay,0
26.393573405376895,19.66535849529587,59.85134890885414,24.899506022685017,47.84496581384178,Cotton,Sandy,1
40.90000948715476,73.74260857706773,64.22056928286088,56.81272781148696,11.522021130956599,Wheat,Sandy,0
30.572453554086543,28.651954892712293,56.31234929802966,48.00146926525636,26.31654873234984,Tomato,Sandy,1
29.37545632889193,80.26403123529296,23.581585451183315,68.30255164210607,37.06485104990146,Tomato,Clay,0
15.769261974193071,99.72378999036027,36.3000989813266,18.756223688548246,28.285376243593564,Wheat,Clay,1
25.237434828784693,3.0026005329392813,54.440121060245794,19.08480760058279,46.52202340012325,Tomato,Sandy,1
26.405868563575712,89.73658657909318,41.71646986212933,48.97728521948153,19.520449426422925,Tomato,Sandy,1
26.964683426907015,62.26305335986581,32.7234518432836,76.24650573508596,23.720114482885723,Cucumber,Clay,0
32.40517107681997,97.33826191648211,55.289298934290684,39.0498430859528,5.3375934455216925,Tomato,Clay,1
31.008076401806353,46.50095175264276,42.59668554134952,32.88594701782864,30.840956441544495,Wheat,Loamy,0
33.23715278380334,84.73879305713737,38.067535022139026,52.46825262385201,15.122386453957196,Cotton,Sandy,0
37.94649784626385,6.239406859827723,52.47897922082666,75.13140203815217,8.855142936262874,Tomato,Clay,0
39.3895721614828,33.527905007829574,29.32989806575212,68.58494829912365,27.682033352320897,Potato,Sandy,0
36.54369228679484,6.701653775120997,84.94220131527851,79.68385275132539,27.08320290561562,Wheat,Sandy,0
43.66571087864804,97.53431334790706,80.73914685434673,11.579800824166396,4.71771041997833,Onion,Sandy,1
15.546977480290849,81.69739072718367,69.53344100183747,17.900070129893358,35.21255722122917,Cucumber,Loamy,1
20.87333957050638,85.25474212459704,27.434967931191935,52.66274343566354,31.564837341891792,Wheat,Clay,0
15.226886249344263,93.79652314338942,74.31140781287851,67.44035075336947,10.261846854578364,Cotton,Clay,0
34.42424142463809,8.510348611978536,76.55701296763132,29.967103961473658,24.00230824554815,Wheat,Sandy,1
41.94091646849961,38.55975925133334,73.74352324000364,26.74477616239531,36.295822907449434,Onion,Clay,1
22.304468897288977,7.103488904400212,27.97761209834688,65.08830595668405,26.94235128652255,Cucumber,Loamy,0
42.8110363438892,21.07931015500286,65.07355699474353,13.946729769726211,20.37896473299494,Potato,Sandy,1
16.808021708686827,22.936577703767234,78.4027357024579,35.85678533078096,16.794584445966237,Onion,Loamy,0
43.03308080416543,46.91072110475787,60.41473808537674,45.40664558146308,30.909299465558625,Wheat,Loamy,0
25.54868061718903,26.856216745364257,65.24851626596623,49.22440720452264,47.01632621720179,Onion,Clay,0
18.042624853476497,10.09781068177611,52.08544355984143,61.003060975494385,33.91549718339669,Wheat,Clay,0
29.57615277558977,16.749108909410772,57.00951239188368,34.839200640146075,4.66254927817946,Potato,Loamy,0
22.70329703161524,14.727556355209092,22.406380084620764,52.887904127222505,23.573563700624554,Potato,Clay,0
23.546187058857683,97.30767979122983,64.72741153812993,50.97627959536695,44.65038244402075,Cotton,Loamy,0
24.218698947788596,75.92925069184736,25.701304902381143,48.333127045762296,5.628658864253257,Potato,Loamy,0
39.0907769349799,96.7761465269562,50.45102160381563,54.83383051995485,49.45490989473962,Tomato,Sandy,0
31.174838300257633,43.974048650790856,40.48585683671855,28.161441974765342,47.50440028862565,Onion,Loamy,1
24.33923097468011,27.83684816626566,58.179956514819914,15.925412750924028,4.835449555763917,Onion,Loamy,1
33.31001349932755,79.82931972091866,29.339143486624494,18.349017042782037,46.737252702028194,Wheat,Clay,1
36.48452022669581,32.62539180411468,68.41503813813227,25.720766785773073,18.793496922713647,Potato,Sandy,1
23.17872002200601,29.93833737053483,75.65080758499292,45.01385548659497,42.390749186717265,Cotton,Clay,0
27.406473045760546,23.25059922078312,31.434811482020955,68.83099253822141,21.500783547950306,Cotton,Sandy,0
18.656582800108428,12.967897822423534,27.30191611463175,59.09053394618689,22.60190052242328,Cotton,Clay,0
20.43448048604041,25.646306101676597,30.186083795115138,65.2328422941433,32.07791145789959,Cucumber,Loamy,0
35.433535618949485,35.53197484738877,81.39892933289512,34.56829367482639,38.94939354452318,Tomato,Sandy,1
20.44315043086881,67.39942081457303,56.97324832294493,38.325761915398516,2.655668396464183,Potato,Sandy,1
30.754901510011805,6.256484221945158,52.70826972052518,37.55773201934289,30.06464378082958,Cotton,Sandy,1
36.27138785167298,21.050693966534297,27.4698273371648,23.431122908315107,10.149916710771178,Tomato,Sandy,1
18.206307692842316,80.90236402916764,65.46892047298732,14.285166070050042,17.951526375296943,Onion,Clay,1
32.01936658886711,14.692192358377076,80.7599714326563,51.36412649790587,18.050464641605608,Wheat,Clay,0
22.696883511040912,34.26451465225215,77.9730108526417,79.24516783944102,23.983956670836527,Potato,Sandy,0
43.887806257127394,86.46589218581401,63.82382962865609,21.6780793465184,17.372684181932495,Potato,Sandy,1
29.50636940159774,15.492531114344265,25.269510165617156,13.267937392949163,6.26069480408272,Cucumber,Sandy,1
39.17977649325474,8.27368356181899,27.867791902320906,64.56721772767531,8.13580818774712,Onion,Clay,0
31.506796264687853,48.45379950800108,23.45162909768773,27.681020467930693,2.638461292493786,Potato,Sandy,1
16.302375985644574,30.24195112785364,38.02354515447285,68.07506637470499,24.04220518110896,Cucumber,Sandy,0
33.99454126782067,56.34083644838541,29.49630270122644,59.27556669241608,47.76793704779644,Cucumber,Sandy,0
43.54210026619971,80.38048904834751,38.20336281767037,76.19714759355632,6.668085958757711,Cucumber,Clay,0
33.048354604389935,13.714848815274316,46.95406390032731,38.624906502967036,47.36696015715102,Potato,Loamy,0
39.57566578280371,58.0699084554285,86.0087948849795,56.33788876154439,36.93471422187258,Potato,Loamy,0
41.526193900452235,50.550876038986395,62.72632418471844,42.539834656928946,32.237441343773995,Potato,Clay,0
21.842393158467974,14.407878601319958,78.44816499780737,54.14120881159805,32.61861001085458,Tomato,Loamy,0
21.3613451972468,62.39984855289824,69.72460504986326,41.471923420541614,41.50965477141782,Cucumber,Sandy,1
33.32942966552975,27.364041786077166,27.875219136864224,23.204257249685238,6.239073354611247,Tomato,Sandy,1
27.330854094201143,48.78343185440125,71.51442844617642,45.55281912023666,25.732961854711544,Wheat,Clay,0
40.19583908600161,8.227232427706188,39.25692170913871,47.00089410062096,35.157465774777165,Potato,Clay,0
42.000693701940335,45.958405721362304,64.73754928962944,66.74226937821128,29.75420180860462,Onion,Loamy,0
25.602641379081543,30.646346804282032,43.86733815500919,61.48644940555069,41.806174480141436,Cotton,Loamy,0
22.10611676923446,82.23812111853543,89.83705842852615,56.46541367590109,4.541313741556223,Wheat,Sandy,0
38.41576545731586,5.697872699736828,38.448603564774444,17.93709668868008,34.84435093545913,Cotton,Clay,1
23.244181066444085,41.860727491832996,39.53913295419888,60.443140346460055,27.167358788851168,Cotton,Loamy,0
39.67842955541035,45.8431424131438,85.14705788936789,45.02136094481603,19.578882335017227,Potato,Loamy,0
27.712147609462885,72.50060762991187,21.725108324542585,72.58696752743114,17.67347412946751,Onion,Sandy,0
35.02649697874411,57.428757509021096,68.76822915112379,74.39096538913799,31.42079900593545,Cotton,Sandy,0
17.866059415040045,66.72123371941811,70.77284735151147,13.860961342124982,44.658773357568975,Cucumber,Sandy,1
33.715779740297194,77.7049285651756,78.54650041872796,67.44490922481351,25.312620378954648,Cotton,Sandy,0
28.55303036211687,86.22029736581888,88.21075174469327,12.638817329586942,41.41143503976909,Wheat,Loamy,1
32.59825389526422,31.38754967224705,88.29213434096567,35.70187379865159,20.705662710354407,Onion,Clay,0
20.0404262323459,53.802270536390296,24.569373029652475,47.96099829347554,6.017328676865651,Onion,Clay,0
37.106212348325464,84.01080784391999,77.52875259270317,20.367055903898923,4.013781086473289,Cotton,Sandy,1
40.88391232629685,98.94511309650565,65.24169535601669,62.241966879835374,3.515384194860201,Onion,Sandy,0
21.50219400272327,88.95193110437631,65.3139494061164,10.584829292049701,19.627356955925826,Wheat,Loamy,1
17.87143666560485,37.14672626243768,28.984494863028637,21.80193339038258,17.52464979095626,Wheat,Sandy,1
15.709157581390091,19.516651721865042,65.51310165119574,50.6557780897433,36.17891415750591,Wheat,Clay,0
34.25914501329798,48.93925374065887,88.77378064208735,60.00712934261047,37.39825357765842,Cucumber,Sandy,0
33.212821082663424,74.16414518360422,83.82729986776128,74.16501718857413,3.4918444728532516,Potato,Clay,0
31.4009223814221,49.25690707532976,50.73914625633954,59.38476563542367,11.835039881561734,Cotton,Sandy,0
21.958412883479262,48.31808633136685,22.796358130026604,57.02454891784062,14.438830657786085,Onion,Sandy,0
26.72717987716544,83.82304210818006,45.36054430001434,37.6038802445465,27.832987222997662,Wheat,Clay,0
32.83429005558519,36.14037790671863,77.84732181203887,10.089909786876099,8.081245971440563,Cotton,Loamy,1
29.90300576577508,85.97946748116456,69.10493710256162,18.411148111493535,7.563119750600018,Cotton,Loamy,1
44.63356560644662,40.680480095172356,52.154055891576945,47.41881813292274,47.24565557118994,Potato,Sandy,0
19.093192576701995,32.82331056783394,23.857107461118176,57.25909200910938,40.405942457591266,Cucumber,Sandy,0
35.85433662142781,45.3989911199699,49.882630947631185,39.22137987275238,9.852090202467345,Onion,Clay,0
27.129563043128762,76.24469586748684,52.83174578025184,61.14753080698731,20.921822587369057,Cucumber,Clay,0
27.84598844776844,12.600202786399429,84.99888730258952,46.53036067325252,18.42547796362071,Onion,Sandy,0
36.52793296974529,19.64192158720174,64.87602725075116,15.192333691601855,39.75919962920496,Wheat,Clay,1
35.77308453973109,95.1444825663092,41.81570416582542,23.441137567756417,26.00043290742798,Wheat,Loamy,1
44.73767981106565,17.54916273813574,56.772278511550496,68.799875627076,7.264637112679884,Cotton,Loamy,0
18.851828683623758,56.77273179310546,24.623871547551204,60.74389226371076,37.21061109465595,Onion,Clay,0
18.123289481524992,57.931446666193786,88.07977649548158,72.63333909087464,20.44751093302103,Onion,Clay,0
36.730164513862235,48.96244620502448,45.20419313515082,18.22900743846556,13.883288133975206,Cucumber,Clay,1
32.351607510192274,64.47452485768186,53.450714843919506,79.31557742305517,19.39943247901529,Wheat,Loamy,0
23.224819996794174,22.982672579761843,44.86987819658458,24.658469976495354,25.39007161673792,Tomato,Sandy,1
17.382581069669598,55.266226777674824,67.77582110813401,10.824591340064941,17.81266030443346,Cotton,Clay,1
17.569747487892915,37.21732552468971,66.35625108307151,79.81960573374879,12.853382856996134,Onion,Clay,0
41.82572623992355,66.1667259629189,70.07256173703949,29.67517198115792,20.526599411395036,Potato,Clay,1
20.756019741562287,14.122354337314945,38.770026072834455,56.76136167587919,1.939472626745014,Potato,Sandy,0
24.701146863465624,57.08774168394763,42.09679368148462,22.367761992341364,38.85239445871938,Tomato,Clay,1
21.79969206680964,18.52703553833237,28.767586176734557,50.61599725393992,9.376299784811705,Wheat,Clay,0
25.64988917495812,27.86430631150364,65.88569802922788,73.28244905181916,3.151326067901225,Wheat,Loamy,0
17.0827152823828,21.87098003235832,22.78579891349568,32.4126817199907,33.03123595234888,Wheat,Clay,0
30.57179372724811,18.28377798688171,61.83776348664213,56.917778323105146,38.92287031235994,Cucumber,Loamy,0
17.028376907766447,82.5710951560667,80.87871193961436,23.153251215889156,40.87762744804932,Potato,Sandy,1
39.01069523467085,28.570756766089033,82.35825038027434,53.73567791031077,25.181949950369397,Wheat,Clay,0
22.01136245731299,92.71237818644494,51.43264322589732,33.55152462722571,11.06304104980928,Potato,Clay,0
31.200357438135317,96.99265253451908,52.151258174915164,24.78457810115662,37.12415618524151,Tomato,Loamy,1
41.40237262684374,57.126046993709735,25.387842810561217,31.92274354925446,35.28594078056252,Cotton,Sandy,1
34.52632107141582,14.30011226657264,66.9535517810125,22.518874795545955,13.06726597105549,Cucumber,Sandy,1
30.988733596540058,37.45482433795813,77.48815942609919,73.1341275486518,45.26698003727686,Onion,Loamy,0
24.730012593461268,79.7732263348214,37.125853822329915,37.80308204219902,6.114201446058621,Tomato,Sandy,1
24.990057391745935,36.739072869707044,49.49106171433553,27.169551348205715,49.151723739974955,Potato,Sandy,1
35.0846086559457,8.701721830278874,78.71875357356893,41.388548871115304,43.152142737895765,Tomato,Sandy,1
44.82418083663502,55.678491092818795,81.39843273636016,32.43753167645469,34.70703362847468,Onion,Sandy,1
34.85517569548136,84.51208514960348,37.02259861849582,62.10934776693282,46.99874452571181,Cucumber,Sandy,0
31.733502521100746,79.59263871435024,58.5399444178955,77.98539383198461,36.39324724786168,Cotton,Sandy,0
36.919515307177384,17.512314013035322,33.4745205445079,40.66235596883528,10.33239285447225,Onion,Sandy,0
28.956168368511545,67.27646144124667,27.131513489768956,70.27233799805683,22.665650767527776,Cucumber,Sandy,0
16.804270278023555,22.05042634356471,83.77843509743703,49.61041514917336,4.503648192250132,Potato,Clay,0
31.868904476337296,21.820753455217222,77.43552529624765,21.006496556596343,20.093213692117654,Onion,Loamy,1
43.728758535161404,87.40717733051852,73.20244312622216,58.34359194569391,37.338547967123226,Tomato,Sandy,0
20.25908827072979,24.966895274023017,23.41364231691983,45.94041479880741,19.935724195610053,Wheat,Loamy,0
35.70014672461997,26.32473465180112,79.06101548971802,55.54245662764724,17.18441459793857,Tomato,Sandy,0
21.028010659771695,0.06533907612995549,50.66308531337686,72.27811888001655,30.172430403005283,Potato,Sandy,0
31.074830534192436,87.06690341255177,43.967658630710176,40.830419945923225,43.738021920945855,Cotton,Clay,0
17.900293489401587,79.25948132091347,58.253345271776354,73.08243362521489,3.331576434759509,Onion,Loamy,0
28.511128087745554,62.7328935090678,26.39472699064891,62.546830999715844,19.888051300287035,Cotton,Loamy,0
37.68489986685738,75.02657639388423,72.96525845466792,44.202344811458936,8.753796348947873,Potato,Clay,0
25.42714572716946,15.20485674244918,60.770455382180714,52.225549496057454,35.07235828586161,Onion,Clay,0
34.94735173461654,45.832359458757544,33.06130678112173,32.7906792763308,6.180503461125609,Cucumber,Loamy,1
38.86349882369188,35.121938734878086,33.17625398383319,78.8518109817142,33.575580170431984,Cucumber,Sandy,0
42.81533458438358,9.37765262570165,32.8974056100872,56.71458141352772,15.022862669097458,Tomato,Sandy,0
22.039262455663607,48.61304852149241,23.990167128635377,13.069279674764093,10.74692387312401,Tomato,Loamy,1
26.979477474279243,92.07396503426354,61.145891456017935,32.863533402360616,46.881275333424284,Potato,Sandy,1
19.57248039991252,4.005911905069448,78.82437243119557,53.63201036313402,1.9077042605518375,Cucumber,Clay,0
44.77450506475125,29.14609134937939,21.224874979117203,13.943329445946786,22.45108632258888,Onion,Clay,1
42.81002903772886,20.754093620570345,23.430325147989148,11.671893392339994,2.0597226306278955,Cucumber,Clay,1
31.19871390841679,23.81466536656963,60.093919368086205,41.50169676694618,24.696059357112123,Tomato,Loamy,1
40.26099883129264,90.84345518793752,77.36469797702367,33.2883125784869,25.551321511926492,Potato,Loamy,0
30.628739318161266,46.806905423429015,42.87172233980435,40.68090256232161,16.761461098342604,Cucumber,Loamy,1
33.70757064008279,46.62994129398188,44.47300791654055,28.388531691600363,7.47592709872616,Potato,Sandy,1
17.673732963480496,76.05756424552823,61.744254824774316,21.530242286008665,19.44298934898929,Cucumber,Loamy,1
37.65811261490424,15.44922040049258,39.19490223869029,58.24003498862364,33.94088405669574,Cotton,Loamy,0
18.831404509057045,48.72653541000508,21.862585625437887,46.01997813874603,39.3373946235785,Cucumber,Clay,1
39.78202890757585,42.99852141210597,71.46599626711173,24.01079478745568,27.006779517018973,Tomato,Sandy,1
38.46084263011158,59.69106905466561,63.795493905901715,32.37125983819988,29.901885327548026,Onion,Sandy,1
36.26234093228929,99.95577032504386,60.652919933896136,51.42655353643281,10.830202185107982,Tomato,Clay,0
16.084811415742863,76.9448894082047,71.91788902942761,15.05605437907345,15.079186328154822,Tomato,Sandy,1
24.093850678359857,39.78657030174272,67.26615862934263,20.321710648632568,8.932884892565562,Tomato,Loamy,1
22.893377097325285,82.75530522740469,34.411739172482484,15.127192287517309,13.215472150225956,Potato,Sandy,1
25.80409222414557,17.070836331248017,44.67367328603458,66.86221328998832,12.019452231051057,Wheat,Clay,0
17.629282402915155,3.0463686308960125,28.82770991750375,62.66864632484065,26.45299053317064,Wheat,Sandy,0
43.10873469093188,20.444837246427305,29.08999093925167,62.731905231548,28.571749033745743,Cotton,Clay,0
31.61406722137129,34.041155611425964,67.33370224495775,60.142774043321964,47.30242362025372,Tomato,Loamy,0
24.165729319740706,51.05807574595599,80.10200748877487,56.85697965689084,10.58296170797463,Wheat,Loamy,0
26.9094455122285,61.51291405411998,87.39128087027973,43.38943407647225,32.442109797913304,Cotton,Clay,0
28.41607621514507,91.06057172144217,63.98429822846111,54.959471445498046,41.04570418038862,Potato,Loamy,0
33.01783000081852,50.98540095504577,32.88709263526699,12.685308835158224,28.451831725369573,Tomato,Loamy,1
30.470382830894934,50.127564462572934,27.39552418142515,53.50250958597492,13.49517897255271,Onion,Sandy,0
42.58175919643252,5.024300982298213,76.89956800757304,64.4514393875814,13.864961270980011,Potato,Loamy,0
29.908904487174908,3.491155265622381,60.512953345199946,45.025085226907315,2.9233996004789957,Cotton,Clay,0
44.764740444699385,55.11599619163721,63.27995147096039,35.025932989906586,15.966767100875602,Potato,Loamy,0
40.54274873235288,43.81786132483445,74.70234621282964,29.41987143606854,37.485580271165624,Onion,Sandy,1
21.255315430720074,83.91803949802986,69.22940594127161,54.99614351134577,3.3283701031484085,Potato,Clay,0
42.91785643931749,16.067958471184518,78.41207769992677,58.49608390409361,11.745468842736702,Cotton,Loamy,0
18.49099193656428,2.49716621170496,23.934973382191494,70.96773199037798,35.605392428057314,Onion,Loamy,0
39.523491254735745,44.903876793012586,72.32644457225534,33.96338577226935,39.349926578320954,Onion,Loamy,0
26.418698804297403,23.74785567522575,79.55969301254669,63.88406151699099,23.310602093034493,Potato,Clay,0
41.33922961335209,4.961437333883745,40.029452972082005,49.294907693253656,35.205642585453795,Onion,Sandy,0
41.04170070322351,72.4598286847629,64.8313091795277,71.79855434746554,20.00965626408971,Potato,Clay,0
39.177762003528635,11.159299995724748,41.991344468588046,46.94684758069345,8.835749006182247,Tomato,Clay,1
38.70091308921184,60.83195000077717,87.05797465377178,46.234087987857706,20.50932518262242,Onion,Sandy,0
24.140374172941222,28.104975016688915,22.339650070485263,50.451395700863635,29.418423189954,Potato,Clay,0
17.427578491537567,17.3496050355022,60.58549906830685,62.45207485997041,47.45461081079162,Tomato,Clay,0
27.089405362954842,37.97515229193175,31.655248293466055,77.52833351799227,4.368796652345189,Onion,Loamy,0
20.20573544959526,80.14457762229537,69.8554143624011,15.149434795103595,25.86231059840307,Tomato,Clay,1
35.848532667073854,39.20935769045727,32.31231983930635,13.7404221673712,17.117069132325494,Cucumber,Loamy,1
25.382991796133567,75.07696492110557,36.476828332885034,75.6285236185137,25.907273019558033,Onion,Clay,0
44.26830602579744,12.548629679915068,54.60595677320307,47.09129378627443,2.174796921450052,Cucumber,Loamy,1
34.22916232035996,77.27714196650791,84.03844649978147,53.04321101968553,16.338242380377487,Cotton,Loamy,0
39.674416909030825,23.693332490664865,34.82000605035796,43.76965211163102,41.173539228823245,Cotton,Loamy,0
18.975740182255453,67.73931298888728,30.096801478267245,16.556021682523216,28.143144958877237,Potato,Sandy,1
40.86043446817868,56.57815548409963,73.12837822978214,63.766256489306656,23.07854214798975,Wheat,Clay,0
42.68271571540183,92.91447172116874,55.04336726337517,62.305725156201085,14.99072851405164,Cucumber,Clay,0
29.611857564568076,38.732251797531404,83.82495786672399,31.81923250449684,15.604083616776439,Cucumber,Clay,1
33.18758813252933,6.616518883444044,30.263019001188958,31.436747165988027,19.77197024593864,Cotton,Sandy,1
37.94429402708987,1.9155485551252904,65.21495251161275,68.6488966633863,41.94296478826346,Cucumber,Loamy,0
20.245158817812374,82.6858560972753,36.301540230627054,15.065008041892863,48.39344713360515,Wheat,Clay,1
30.07698229390327,52.473563766143215,30.973230005614752,71.6773603849596,22.49411368616835,Tomato,Sandy,0
26.959890833169393,77.52440518349492,67.84005906100893,27.96631829271401,20.27428909864033,Tomato,Sandy,1
19.391219764867472,23.44256000115147,61.557923393611325,51.50893234288458,42.48098801517328,Wheat,Clay,0
26.02603266874594,34.50837455132337,72.83792208536319,75.51959253012444,21.918360711178877,Cucumber,Loamy,0
17.045169281564807,3.010387221131894,41.66238035123277,57.46857510756525,28.048890442486908,Cucumber,Sandy,0
15.77435720848461,96.14923245741122,51.3580159467533,39.01008687269256,12.316141565338476,Cucumber,Clay,1
19.054988674644683,66.78679067008134,48.383017343129296,58.26739462337906,37.43162425317468,Potato,Loamy,0
43.89345334767522,93.32050877593062,88.88626247765599,34.078574542145915,27.06742759526831,Onion,Sandy,1
31.48588607685051,26.549640742907233,40.45742697175715,29.40808914444303,40.64269296177674,Wheat,Sandy,1
43.974664834596595,61.146361122566084,40.63720668427368,79.76782945542757,39.25590377140482,Wheat,Clay,0
27.97493634990396,67.84999682926379,44.818374618002515,62.55531618258514,11.5352336452314,Wheat,Clay,0
24.35448399255779,31.754970025758844,59.5215856903225,55.13039841672723,36.06614197733036,Wheat,Loamy,0
30.18425588520732,84.81092350156301,37.66259209846217,34.87027502535231,40.202665989617195,Wheat,Clay,0
28.185350658987304,94.71614629002478,84.07029582654917,13.44125804085337,17.95925479833736,Cucumber,Clay,1
18.16994052785232,88.48551176960044,38.597989540638444,12.173981322460893,9.457846532211452,Potato,Loamy,1
34.22478944070619,73.90669759393725,82.70710120921362,48.792687881415915,1.1289756233998207,Cotton,Clay,0
21.48114547528799,27.746467972495402,27.243254455260924,63.34229047273357,23.09427900156426,Cucumber,Loamy,0
33.58763864693489,28.161604210563173,65.95938916797566,47.616543331069856,18.269203845403236,Cucumber,Loamy,1
34.506032771944604,96.3360320446038,83.48898629067706,68.85495503573802,28.190581857445036,Onion,Loamy,0
19.560745593859444,1.0284495935692028,31.81246068787607,12.339857316525514,10.214013536850503,Cotton,Clay,1
16.840488813320043,71.60499732421445,87.78288720694785,35.67264534981581,43.123611835657286,Wheat,Loamy,0
38.422847582053194,70.62461625552622,51.701835229085816,26.594927382192463,13.630005565777374,Cotton,Clay,1
28.794012713079603,62.26895409497975,86.20005759087171,41.30910777099854,12.09505064929485,Potato,Loamy,0
16.744913865164275,99.01088460868658,67.3774030541033,15.066347523588574,24.55498876773344,Tomato,Clay,1
44.84598951509301,31.187943576372522,41.1110808911486,76.78921490997507,25.443700163469437,Cucumber,Loamy,0
16.733416829891,33.997186379324816,33.18117674419745,25.627878074855264,11.539176210469549,Cotton,Sandy,1
35.8510568657566,7.893940294655555,41.26145323575696,74.56154428385094,14.321175609569872,Onion,Sandy,0
44.51036775790241,44.27981365437375,26.51121864838725,39.81252085256773,9.315556718607002,Potato,Sandy,1
22.175403126477768,26.10485262348481,30.070757644033083,78.98668932786526,36.204548737835175,Tomato,Loamy,0
19.267481060615886,34.338670217764424,27.32623082425368,48.784086842214755,38.73436253145001,Potato,Clay,0
18.641548182672867,83.45717902556277,49.60604806190904,75.15830049230652,23.65409637550485,Wheat,Loamy,0
24.098254427027868,93.54845135274957,75.69048633803105,10.374429208595599,35.99026411156586,Tomato,Loamy,1
18.0313743303194,18.573307200518563,29.896848795143814,62.37671643266301,37.06083420493483,Onion,Loamy,0
35.76484025082396,37.25089315534659,29.12243032206351,73.21354571717609,7.775500856212621,Tomato,Loamy,0
16.86875394390188,92.8630562115394,65.04002646621316,19.780439688526783,48.3427232168923,Onion,Clay,1
30.28266384449369,6.180846068922263,33.802808737764636,16.728809621250605,41.230565407725116,Wheat,Loamy,1
44.9009056155893,9.236052811137851,26.832702667629412,39.72008250301689,11.019689598595352,Onion,Sandy,1
39.41910808518057,16.279098920622936,31.679400474390434,75.35752342930546,10.122086751557442,Potato,Sandy,0
33.45658314693033,59.521283412687474,84.66119771137433,47.967059213330714,7.157396133399555,Cotton,Sandy,0
24.18760862359835,15.047227100599747,77.50298769433336,46.921952460521254,7.780549564554001,Potato,Loamy,0
33.716875088749156,96.80763814507335,44.784519364856585,19.878828280952533,37.65992815240611,Cucumber,Clay,1
30.81124391734955,44.671452725852035,65.90745371291749,10.055265776525316,24.013058590629555,Potato,Clay,1
27.782501516711143,50.15179603501664,57.609297156762665,66.70980635218228,39.363774464253495,Tomato,Clay,0
18.921311302205986,24.66586158054065,67.39869844377947,16.130219409036677,37.56648982316007,Wheat,Loamy,1
41.598126457214,47.09602524347335,67.78698067239316,54.36948731147268,30.626022961755858,Cucumber,Clay,0
28.493539464639674,66.19136326370115,64.0113810541995,74.0231518160634,34.631963722355295,Cucumber,Sandy,0
20.83867535462295,75.11771369540428,38.6270957976116,24.60563392109017,1.8994304945779477,Cucumber,Clay,1
26.03278052631869,75.3868082709913,22.73044945339727,56.56909853658376,16.277104693446077,Cotton,Loamy,0
27.42389257586781,57.789111269408835,51.889674739307615,15.508900369525662,32.253286783711104,Onion,Loamy,1
39.82613686700623,90.43597749938573,82.36817192834927,52.26286006863291,1.4579027208259658,Tomato,Clay,0
37.00843141684206,81.74078473061094,59.864808096300315,21.475220466724192,2.615870240447077,Wheat,Loamy,1
38.07914680924019,75.70481146986255,78.26737291913355,61.51674923606246,42.74251114104878,Cotton,Clay,0
15.330937932859417,5.560552168046062,89.41370400728597,31.086190635573573,34.51721822291152,Potato,Clay,0
27.484619945392843,0.6877962219649314,31.45313428967934,42.43737061632524,14.003116922896854,Wheat,Sandy,0
29.44032454905971,21.244727719547296,68.42443473993876,51.96013794193352,34.71017916581674,Cucumber,Loamy,0
15.575768304691701,66.35235939134523,67.20055015900172,21.98913874663677,39.8303767878239,Wheat,Sandy,1
22.79439626235103,41.119748888254584,88.59688131507949,61.914647303233465,16.032919872394963,Wheat,Loamy,0
37.80869469366405,40.24062592993117,88.99205137669603,31.184823844577018,2.765831497460185,Potato,Clay,0
19.11329117186997,88.45868882296138,68.06750282068907,56.36603019389275,46.70617710969899,Onion,Loamy,0
31.05930394357775,89.55628481318388,37.0530354387536,21.079813548956153,17.913812076485893,Tomato,Clay,1
21.456056160517125,90.91752640535857,75.89890866914193,58.16823614444452,6.217606400950612,Cucumber,Loamy,0
15.363623239316798,31.38780765150273,27.492039394772668,18.973165096732323,25.100986698264222,Onion,Sandy,1
22.236043727986242,69.10558127392618,74.648951292014,39.774954738898856,38.65492198754256,Cotton,Sandy,1
44.27621264730161,27.163318127436963,83.71372869012875,27.304425161721376,11.860718416260399,Cucumber,Clay,1
39.046113356489684,19.060983307444978,46.79833763379047,62.38626745997278,14.205012456534805,Tomato,Sandy,0
43.787299329631,18.463245734736923,64.14447064881563,28.34245031548122,12.893034353130576,Cotton,Clay,1
29.63562131779087,34.2107620863594,50.10999124677784,71.72021144767774,49.59197958875223,Potato,Clay,0
18.292085960325103,42.99576197798217,50.643553849168995,72.4274147984629,10.672782952796585,Onion,Clay,0
31.43878466921079,83.09491710550684,41.7259622375684,23.75089206559501,29.200490631340074,Cucumber,Loamy,1
28.631320036798826,11.98910934727121,73.34907343152273,52.969216150540696,46.33796744119125,Wheat,Clay,0
40.330712482188474,73.49258473948942,85.53235949165537,16.140234920397504,8.197931875011182,Tomato,Sandy,1
17.942477423527336,53.14549141893053,85.85256014641227,37.40759697211404,48.571855695517314,Cucumber,Loamy,1
29.647234110653343,28.794534267599246,32.234689941245364,59.932521065089055,47.426384485385604,Wheat,Sandy,0
19.50145994081953,49.281958453282456,81.23205547595961,56.15962727949414,44.34402736585486,Cucumber,Clay,0
24.740277806701798,29.994206977702266,71.62020089989855,53.72904685846256,11.513269545170111,Cotton,Clay,0
37.12071232163399,59.608195523830595,37.69861804832025,29.77786045637105,32.068697744538184,Wheat,Sandy,1
29.280543881062997,43.38439228552442,24.70992290450602,36.461746460408136,38.283682175100765,Wheat,Loamy,0
26.276648554373082,16.440552907887874,38.759808681906456,17.20623012902003,49.31536848162506,Cucumber,Sandy,1
26.83428835710106,11.658307455569672,83.8545765747068,60.33159743035207,9.840767281987151,Potato,Clay,0
28.7834030521796,54.66956820721302,64.32250724270406,45.27221577538915,38.53526907644552,Potato,Loamy,0
38.55049631511171,90.24130332861034,70.47382626285102,59.613594264195825,17.601257326428534,Onion,Clay,0
41.76254066820703,34.395768655768556,38.00066457763671,27.426046735781092,9.605696812832115,Cotton,Clay,1
43.66004059511785,73.30001072226231,70.35717089023743,32.71067600445463,21.647470119478893,Potato,Sandy,1
38.60710158765885,65.8661354939767,21.968505439454663,33.39507360820802,39.8979596952822,Cucumber,Clay,1
24.462206872440383,93.1554914309481,46.27249420411097,11.801968682305134,23.777640381498557,Potato,Sandy,1
35.64404118259627,82.09810172991409,63.872734397963185,33.873351098143644,27.338631909949378,Onion,Loamy,0
28.128093721661756,56.660525890546296,30.226759587892417,66.23132014626235,49.76281109980594,Tomato,Clay,0
22.640118661381536,65.70304982341074,77.61025021128543,72.8108947024817,20.556355678313874,Onion,Clay,0
40.22614738277768,89.83864665840349,36.452190916834304,46.27528209451492,31.154636980752752,Wheat,Loamy,0
16.15279046886975,39.95187845869348,65.65967789729123,41.885118665345416,18.89696587915322,Wheat,Sandy,0
42.0528597640627,32.679470585777736,48.36379998027308,12.157723308955918,20.24649667010654,Potato,Clay,1
28.844323938742026,1.081108363519634,61.7230516834353,71.54430363097678,35.086396918824995,Potato,Loamy,0
34.11604430424841,82.65510741914642,27.521538684023568,10.91071493981109,46.95646182864929,Onion,Clay,1
34.780617666173484,80.0980700403365,21.18389599451251,76.13250561471483,27.57558857412375,Onion,Sandy,0
41.85353222119609,10.445451810015138,83.66950991662108,44.24513740816634,38.651596518490216,Cucumber,Sandy,1
34.10009046501622,57.68573811327003,38.874100613702794,33.93541455023086,5.371121382031228,Cotton,Sandy,1
33.41800754280185,46.398169816688736,77.37739019463214,74.6952904389862,11.346743834164421,Cucumber,Sandy,0
16.999561216820698,11.870909550911147,89.95452103305401,11.707369517706772,25.60445040505709,Wheat,Loamy,1
30.552240658356123,98.05682270607235,34.800188059923784,50.6997426408361,1.9805744578099649,Cucumber,Clay,0
19.505070024511248,21.469588746335543,38.56195188283489,48.42527671495363,13.38989395936538,Onion,Loamy,0
37.12301306164457,6.723418009056115,66.40018513442661,25.352428084796745,26.35266320142334,Cucumber,Sandy,1
30.366657624380235,59.48473795019096,87.58140442204349,40.02212019451474,1.7330987145587349,Tomato,Sandy,1
35.4068333762506,73.88666771330327,84.10700437335207,55.65848041606392,13.962768025076043,Cotton,Sandy,0
16.25018701807153,3.2443446047186963,55.201286404590945,60.899183781734926,26.187510154317604,Onion,Sandy,0
17.543760481374097,65.87176387270222,75.65771977687072,10.050180109460584,29.084313151081037,Potato,Clay,1
36.48970164188047,53.22918759514545,29.50220971699307,75.57974010637108,46.361832959709965,Cucumber,Sandy,0
17.162530079960202,10.326500887504842,88.42067289428086,21.516776067496867,32.62193553927979,Onion,Clay,1
17.13770183295776,17.252387694636205,87.50472638251905,26.350630395565144,21.322054323969695,Potato,Sandy,1
15.363254257046624,56.79742973160805,31.46102705154197,28.443141198569375,46.587207679520326,Potato,Clay,1
43.695041948984404,29.63576135132884,40.959618736217465,12.647409558642472,39.45926618600192,Wheat,Clay,1
37.12525078377021,93.8315728651316,27.010849825473684,18.613648651322745,10.800437134524632,Wheat,Sandy,1
25.597542255061924,81.87402294840508,39.02023192287258,79.04449460609135,7.411275706092169,Onion,Loamy,0
23.896067438629657,98.3567206513663,77.11690525906447,32.065171616410026,34.11477015139391,Onion,Loamy,0
25.491096892375488,25.967083895041398,46.48209250156816,18.071076323733454,28.434275113272207,Tomato,Loamy,1
38.239605935435456,96.9723632797977,26.187787700273084,17.489388282223633,39.69400707584503,Cotton,Loamy,1
34.84111833211243,43.12338697915579,43.955786734523315,60.36219773689803,37.201447453855636,Cotton,Loamy,0
20.55586703602404,34.751879531375465,88.6968333968896,69.81980648228486,31.63536515901824,Onion,Sandy,0
20.22328006002253,5.034952696935324,64.0778516681442,27.98666096559289,49.33272640981572,Wheat,Sandy,1
17.95186949140192,5.276525785960262,49.13126624843105,11.463665863466447,27.145896775410023,Cucumber,Sandy,1
34.80908159104014,69.20112559466547,31.6576959448089,25.616301291174906,6.542182068584272,Tomato,Sandy,1
37.93117986665208,45.79289944340279,89.03237580985864,13.956098355773014,41.585404675983426,Cotton,Sandy,1
22.95139284975012,22.65216260361057,77.45943064841902,17.237645564102905,13.340814754939741,Onion,Sandy,1
15.628348830927385,61.39703063252326,39.703411171564355,40.20556838933497,39.087805259052,Wheat,Clay,0
17.46515002429282,25.285811825011116,24.90480870048326,26.09428596031428,47.89824770400252,Wheat,Clay,1
44.035801045350915,57.76317543444226,23.96378901642906,46.11621149677964,35.14298018425272,Wheat,Sandy,0
23.863343324322607,35.92087469826903,28.426470465387368,27.744562728003327,30.205477886540255,Cucumber,Sandy,1
38.076694435144006,82.3552226611819,60.653800853009514,75.83761107720633,23.55892260807699,Potato,Clay,0
33.73990706562792,82.06961607667793,85.01343948438446,73.41607775483851,18.85608343377476,Cucumber,Clay,0
26.458189189586875,47.73503981224013,54.772039960418915,49.676427350732624,18.297232797619976,Wheat,Sandy,0
21.170617865866653,35.08191093350156,79.00618377193379,34.80967943911703,32.18226257976994,Onion,Clay,0
18.641592544782192,36.25597965590946,51.21206339018654,36.68028174243149,37.81238272994955,Tomato,Loamy,1
33.450389041166,80.57145256682179,69.60084820374777,38.829659820114784,34.2473364047363,Cucumber,Loamy,1
38.23901341913364,32.8179482797612,71.23109161005506,60.930552549446084,10.722094958484574,Onion,Loamy,0
34.317127606233925,20.9059373706846,32.177459413233706,41.614729686318654,25.20537182703107,Wheat,Clay,0
30.90906399747475,8.468834187530682,45.28512412830682,69.97109625541282,39.790363536970084,Tomato,Sandy,0
16.258536702949087,46.66931208844084,64.61115095766166,76.08663501512552,24.309499831263757,Cotton,Sandy,0
44.05466332783151,48.213209891984185,24.948762572905633,33.51623073652537,27.294540707039197,Cotton,Sandy,1
38.961425749637236,84.09087104029072,45.30781314340696,49.24861369629761,38.785666360370286,Onion,Clay,0
23.78466110102894,22.123869644606398,57.435962639683474,16.65395757827951,33.40200000698948,Tomato,Clay,1
44.39910988076552,38.099127366839994,89.7357145131247,24.03283334364513,21.057901123237237,Onion,Loamy,1
33.056447689089666,80.8405738893691,53.21734938357085,38.942603669711204,44.87522284851673,Tomato,Clay,1
32.472679746217395,82.36236107489735,77.12397299800264,24.434190113124522,8.96578636451045,Tomato,Loamy,1
37.44219538288596,38.46110759787682,50.24470995466324,71.35923435521022,49.78030598092591,Onion,Loamy,0
39.353093642704124,45.91240232866809,75.74735058337961,21.080037924136867,6.823776345335623,Tomato,Sandy,1
34.69435821994508,30.328589084928293,61.67903611340759,41.89625750871644,1.7325485841077062,Cucumber,Clay,1
18.842872390986003,93.2554878419312,82.06168090516789,52.3989468321913,44.61092615628947,Wheat,Sandy,0
25.148025179834953,11.864376574158031,48.76597866450769,58.43047357125911,13.002721909931848,Tomato,Sandy,0
42.8425092097815,93.374942300147,62.30130938750352,36.814855880855475,36.755281744889324,Cucumber,Clay,1
21.738468355315558,68.38664518353433,64.10130764331791,70.836934810731,40.7397533716714,Tomato,Clay,0
26.165010715125398,53.15721526867312,49.21680592603313,49.78234057545479,43.09033316057373,Cucumber,Loamy,1
27.96230648832588,3.2659060784495875,30.101843058123706,40.76554463132862,49.58811754754417,Onion,Loamy,0
28.182149690833565,47.55961918220083,26.549158483863486,14.706844383642563,15.407945791959955,Cotton,Loamy,1
33.38818747483576,40.774810500273226,21.16700854197432,42.52826279116155,35.8019237544357,Potato,Loamy,0
43.29227513234123,16.121881197512256,81.14739849716503,67.45150885710112,6.654593055760582,Tomato,Sandy,0
22.22078135497515,65.6409603500657,36.55324385670862,53.017871275492084,20.93365527648562,Potato,Sandy,0
18.645041289027542,97.11509073682858,34.805472449723766,68.25137176103829,42.55061297231693,Tomato,Clay,0
20.924114695798117,56.218881106452514,71.52247802982458,44.58081694195139,19.01524425689631,Onion,Loamy,0
41.60774700627809,71.47532764439458,42.401127916117424,18.292319356613728,29.963673646245088,Onion,Loamy,1
34.37432437965618,6.845045256601678,55.42312846882856,10.954789208511675,25.68489874250707,Cucumber,Loamy,1
23.577203677174804,41.76669958169947,31.37577457082194,31.225368270301384,32.65162502449021,Tomato,Sandy,1
39.47840816905852,11.635848516449588,87.18220050233785,58.859333004845475,48.67182507999705,Onion,Clay,0
40.84109989090308,61.27958355365104,79.61069800120661,65.31819327591856,3.7310407985687037,Onion,Sandy,0
40.395430160708344,93.84821582141547,80.46527360755023,30.702698423423058,29.124114357579856,Tomato,Clay,1
42.56779600918664,66.17777324716386,48.47416240004036,44.6957744618273,43.288410183263956,Cucumber,Clay,1
22.567230605200848,7.680304831442153,73.3652849595021,39.47832331038572,24.587752875672948,Cucumber,Sandy,1
37.65125786238835,35.466620498508284,30.07133087728461,38.736594904599954,4.847832111137068,Cucumber,Sandy,1
28.816184918224202,55.066337944085156,20.60333018142462,26.194409924010536,28.466428268421772,Cucumber,Clay,1
40.25995658670185,40.320775613325225,21.39810528046197,19.54597735206209,17.2716206503672,Cotton,Sandy,1
36.85472031484839,83.36440104751723,61.06212161831923,23.76819907618492,8.59214748155886,Tomato,Sandy,1
38.293423394991734,81.46710047099891,51.87764336735586,13.873267101434227,42.60269115089018,Cotton,Clay,1
34.68485513043214,61.183102010322145,56.261074423596384,23.869151927650393,26.55837613656496,Onion,Clay,1
20.322863084091207,37.345794513270526,20.522419829205358,10.644062833776562,46.730544206574265,Cotton,Loamy,1
31.35080756690815,25.533637376324414,49.588063376019804,53.90808804451848,40.494808725550385,Cucumber,Sandy,0
44.54009218573525,10.587431821312931,70.26477128406026,32.1462785171378,34.9556178949097,Onion,Clay,0
43.12164199491357,35.4897683486554,50.988559137720515,78.1201297998836,1.2462496649002848,Cotton,Sandy,0
16.29521207391035,41.31725172077195,71.25534444185556,23.56019355434085,21.963349375274248,Cotton,Sandy,1
19.944444471883113,67.58229251040736,36.31132750777844,34.20799992167157,10.676827800949583,Tomato,Clay,1
18.951863203636858,65.81598242975734,76.91994031372079,35.04888110490732,45.62909764139452,Cotton,Loamy,0
36.779397299558866,7.0108139641256955,61.19018683174166,10.591604724372237,9.554615249141653,Onion,Clay,1
39.53355989570835,39.525931543115775,34.75341696009343,68.74455671276212,15.01694253130499,Cucumber,Clay,0
21.40534098932016,18.177886721736193,36.570433309768305,12.239612210102731,26.32500161899046,Tomato,Sandy,1
30.175580788554868,15.68127053168057,63.962132519867595,75.81258843104689,13.904817330905884,Cotton,Loamy,0
40.221090840336004,82.73021497372459,78.09577152487103,72.44520457655344,11.283369186676937,Tomato,Clay,0
36.98404634298752,4.191521671625753,49.09394474204086,47.486534126017446,30.355866930034868,Potato,Sandy,0
31.26711616475545,41.91828759021213,38.08103003893146,48.051690243790446,5.357546614996169,Tomato,Clay,1
32.71043071376319,16.82036557665182,80.69081248374204,55.76445460693094,3.8502201773253115,Cucumber,Sandy,0
30.2508164074884,87.9330215678474,66.84878042255843,37.093500835442086,19.2400194641175,Potato,Clay,0
23.92645353956462,55.704051327503514,51.36598410981536,55.305559837849884,36.312558270885255,Potato,Loamy,0
31.950659785770483,23.1380636376848,54.15301366955113,13.13378720819408,28.18553115542345,Tomato,Clay,1
35.666559061502724,50.24272871663764,34.29795275554775,13.78333391448086,21.720946954872165,Onion,Sandy,1
41.199687475824234,73.14863597031159,63.87618410453908,42.006129373368104,28.721826647004537,Cucumber,Clay,1
34.08874061937745,95.81180089194338,45.1119757380022,48.473561077422445,18.907122748010405,Onion,Loamy,0
37.83364611129474,22.044600424541894,89.69516236720445,72.14723482350733,46.87117043617353,Cucumber,Loamy,0
19.80214904863719,88.61817721293451,53.612846068332146,17.32624437355274,3.690339654627942,Cucumber,Loamy,1
28.846724232593697,93.43041141674902,54.01199243327292,67.58535490357225,33.996182472461925,Onion,Loamy,0
15.279948594812799,91.64205445320663,59.60962511874703,24.703313610444873,44.672850576559775,Wheat,Sandy,1
22.40036593564869,63.54143568619099,84.17292021831227,37.585855395702225,40.390350728027414,Potato,Clay,0
36.79385145339015,62.982065443470766,76.05726699018251,32.1621704379189,10.018010706250891,Tomato,Loamy,1
44.7542985404809,40.32106331838228,51.5791048858489,38.01086910057793,15.500391100034129,Onion,Clay,0
17.97534298761648,75.23978823037879,70.30894861809571,20.53468486508099,36.13534899664813,Onion,Sandy,1
27.044829475838647,53.12940183509319,61.036484914653315,45.24990520824885,5.1292573998575115,Tomato,Clay,1
39.00212906097478,67.74380712282945,54.46569340908742,66.11498128819571,40.78122329179662,Potato,Clay,0
21.121069038866963,42.84579038487954,33.46210409490453,40.90738072652279,36.22644028563472,Tomato,Loamy,1
31.65254847906859,73.14964640431391,52.47553844184237,44.34295031287394,36.75072581253178,Cucumber,Loamy,1
36.992138880890245,82.4471517604549,37.20730109158022,69.413730969692,5.911827143111978,Wheat,Sandy,0
33.479563507805366,14.64362566028161,84.03895048961583,59.424068024662155,36.17026669599531,Cucumber,Clay,0
20.640742038462484,83.2929715574228,43.47847694474429,44.33180859638493,34.311088135778526,Wheat,Sandy,0
25.661537060572183,54.029653179030724,86.65848101733606,28.038695373242575,41.715202050270676,Tomato,Sandy,1
38.513753534561914,84.46659090902243,57.31387030662978,71.94487227914766,3.0382018565670057,Cucumber,Sandy,0
31.6267954239605,43.13017063410146,64.20810650733122,50.391428118339086,2.1324227549218175,Potato,Loamy,0
15.156888406287383,37.904048538303506,58.00583111425294,25.480332707748538,19.277347894049477,Cucumber,Loamy,1
37.829722800842816,91.50607325172224,29.05664318766906,28.838382684660726,8.29062590860849,Onion,Clay,1
16.059340648207172,25.11692675484013,46.30748533055586,66.21931622553721,28.360839400940876,Wheat,Clay,0
37.37201348193696,84.42123252861431,26.940227859433676,13.090189346121882,45.950096173830694,Wheat,Clay,1
21.074416804957124,48.40205725094041,63.60678309283672,79.4464530920174,20.18250678636677,Potato,Loamy,0
43.74220440358141,51.40954425512597,51.281193664030724,19.124617580035427,42.4025684863576,Wheat,Loamy,1
26.038222539062534,30.8468281489484,74.45894800996558,65.72479677778563,1.0118028513754571,Wheat,Sandy,0
24.807948490142373,57.30422006190157,35.43293366995589,37.6342721740178,9.257217529500027,Potato,Loamy,0
19.46664150997334,32.52111962762113,31.519624090053444,44.45513283012268,2.4907534430501954,Cucumber,Sandy,1
24.168126464706447,3.926941424165231,48.443256167463744,71.64554042252044,17.079211845238362,Tomato,Sandy,0
41.29952285484602,27.199860534435604,84.86097682528668,38.903783271244926,45.50129018912864,Cucumber,Loamy,1
44.890030128817415,0.6379043406590679,69.72952705086882,47.62456275712641,5.7506540563504,Onion,Sandy,0
26.049285915205452,97.83547870568566,49.324653735504306,13.450976368641896,30.714079060446217,Onion,Sandy,1
28.458318928636277,96.57472098197475,56.20905188280174,10.16432317072172,23.123301016852764,Wheat,Clay,1
36.66212814608211,39.5155297472305,25.894910782396884,27.135991110120813,46.98494240592481,Onion,Sandy,1
41.585873413952235,72.8370854339646,88.92031274632792,57.64081650431371,7.003437984317598,Tomato,Loamy,0
32.79133002560353,34.580609841042495,66.64851132864433,18.48854253513957,11.389364674609219,Wheat,Loamy,1
26.745770945334883,67.1093157085976,39.978284792439574,17.96333711631846,2.4475564619631704,Onion,Sandy,1
27.37865522545871,80.54300430459791,61.0065875950671,38.76724256251323,22.262827231937315,Cotton,Clay,0
35.868544394904205,94.67562446922408,27.66376562482958,55.34859270257586,14.61381207866806,Cotton,Loamy,0
15.096547908128361,40.0212275849672,87.60856681653085,59.845039457355135,43.62539076062573,Cotton,Loamy,0
33.587680123795224,78.32979829560477,32.234949151835615,22.491547186886237,30.642099846689998,Cotton,Clay,1
25.664790313240722,26.59284506321188,65.36212226386499,15.571170316042972,31.090446160809382,Cucumber,Sandy,1
38.82591993831252,99.03323037936484,37.18181237772513,75.8277923761881,27.06362414718382,Cotton,Loamy,0
17.789719194693966,2.5769598764351143,70.22929678539751,28.24664677934712,5.500666524230849,Wheat,Sandy,1
32.646068008451714,60.3528806501121,74.37749570681967,69.73425483261067,22.80591550254241,Potato,Sandy,0
29.429186696583713,65.95059816513272,67.13938102380028,70.44440153239728,49.97575429571731,Cucumber,Sandy,0
34.26976577715682,68.80455570741289,63.01496221786348,64.07658142337812,41.92623525145473,Potato,Sandy,0
16.94560783448905,12.038757878908902,82.47283657664082,21.818352465679908,44.77949365418868,Wheat,Loamy,1
32.39951362284394,93.85297834731304,25.503869769283064,67.52610214779402,41.338091603078475,Wheat,Clay,0
31.844537638785713,18.11832790500828,43.164033604613664,63.84753914691107,6.049042978118152,Tomato,Loamy,0
31.819802832485127,62.27534032398411,37.380123574159214,51.770609307435194,12.144964449175182,Cucumber,Clay,0
33.104629997893646,22.267607912308495,89.1609773445795,33.6041424618267,1.1529609164640717,Potato,Sandy,1
35.294038116790865,30.72164170212709,47.257284576681144,28.375602298658087,15.871996119027461,Cotton,Clay,1
39.14966999042309,54.645854172812435,71.28288894682791,18.53224484562513,6.321762714978136,Wheat,Sandy,1
23.09462160384643,41.719341856457646,67.93076147167032,45.682994683061,24.16687391977757,Cotton,Loamy,0
39.751482305401865,16.02256009765063,34.84568662341644,50.96826128568926,34.179246940121196,Potato,Loamy,0
29.94767046790361,17.093640242084827,36.72983761480859,35.1537293361051,43.850759456865774,Cucumber,Clay,1
17.311748374029936,41.814478816279966,39.68991944871239,43.2751347376608,37.71164108945401,Onion,Sandy,0
16.756527877319375,75.72829782755008,48.77890947815655,35.446012015848666,46.99069419314675,Onion,Sandy,1
25.027149560881824,89.79646468477885,36.40275459553688,54.870424012449085,3.641016229295651,Wheat,Clay,0
38.54690931334403,8.412766225938284,21.375603792279346,73.08814454575943,1.5968119354105306,Tomato,Sandy,0
36.23042804222747,39.310390755940105,81.55751397650369,21.47441834328614,33.40556757797442,Cotton,Sandy,1
38.65844894017219,10.024556372287662,87.59268819666188,36.69861669321864,15.178268100890065,Wheat,Sandy,1
30.51807169324828,1.6592480632597884,43.909927092209756,19.860802276560293,13.421549789182883,Tomato,Loamy,1
28.205969938664715,66.17186826439566,43.695481559783104,53.74606392854824,17.21346729699592,Cotton,Loamy,0
19.42357580118852,60.24494419665878,20.496426894205968,61.0209356642017,14.220006836725844,Potato,Loamy,0
24.845782608279347,16.301911381488623,67.61754818312619,75.23389128182191,26.060383908777776,Onion,Sandy,0
28.020580985216256,23.38128330930641,77.78079270240401,29.521034838267543,22.567273913982493,Tomato,Loamy,1
17.658012890388516,2.370775364451838,30.26258102520022,76.5147844105801,26.10899901745616,Cotton,Sandy,0
21.618358581336338,83.49472056944037,31.176644455700554,14.428387027447236,33.962966963521374,Wheat,Sandy,1
32.94675882191217,97.46905960485515,75.30582749800064,52.21097043552117,19.969394939586266,Cotton,Clay,0
37.0698934271757,13.545953679469081,63.14035238479013,13.999290354033098,13.314076669965683,Wheat,Sandy,1
44.95042534178849,23.147521376529813,23.14023903394019,72.56419314333614,9.143826303628527,Onion,Loamy,0
42.99339994030673,86.8409523946934,63.57828933235972,47.086633994903785,18.12423185709865,Onion,Loamy,0
34.27695598605575,92.64637979561849,41.624240599063626,56.854384553395725,37.34851728706243,Cotton,Sandy,0
27.63744159882216,41.96273828068103,45.810760882959215,68.21017481373167,38.07854059546201,Cotton,Loamy,0
34.08532094124698,5.062247226907413,73.88119928078162,20.521743573877814,33.67836394752631,Wheat,Sandy,1
38.56954854240696,3.93918336928194,76.76546348708274,12.70140933566937,12.467380590036855,Wheat,Clay,1
18.55008572770162,57.39498660690104,48.02496387878814,71.52168021389966,29.81622604688019,Tomato,Sandy,0
27.297146690888646,39.2895108893179,86.30070552044484,32.04532592212527,28.96379341726555,Tomato,Sandy,1
40.19406856906852,2.8652427577654516,48.45239025664506,19.028523554901568,24.729043707376547,Tomato,Clay,1
26.51498855799132,58.32523923125568,74.02852246610769,42.792286596096055,27.948970332809346,Cotton,Loamy,0
32.156168136815594,1.1302536589022472,53.87140851949813,51.88142529872132,25.097740998559736,Cucumber,Clay,0
32.633080825865946,78.73719581492729,82.82726285654589,12.167942239575709,28.7073619376313,Cucumber,Clay,1
20.53428759400918,30.643282270337156,83.54328705551251,29.24269607799614,36.05979177643531,Cucumber,Sandy,1
25.867063249568652,4.02580030092321,26.11917655097587,12.295991199382721,6.371781525768547,Cucumber,Sandy,1
25.035338662257963,58.835222098315334,85.5545331917158,39.42347724368493,37.731661855302164,Tomato,Clay,1
15.785901255961944,39.76844144330547,77.78743890642909,72.6570020346371,7.6584213562521155,Cotton,Loamy,0
15.725752916740657,97.38004133571495,75.39175000188668,78.78566880454984,4.264771922108361,Cucumber,Clay,0
39.9509113102732,54.41986625037022,34.063793777986575,54.59332874525393,48.82790462485191,Onion,Loamy,0
23.19212429918437,27.52391810370083,76.35834461282654,21.314638564921427,47.89259667465163,Potato,Clay,1
30.542362987164463,70.94388646339748,79.50929142795258,73.40945729995141,3.9613907020876384,Onion,Clay,0
23.961767207663193,27.149200254271133,40.24052341179056,46.137347624004235,22.719418632273147,Cotton,Loamy,0
43.220377353460215,90.42432914075651,86.65820548536266,20.762451847204268,10.126001976688961,Cotton,Clay,1
22.778902765973214,37.47219705073764,23.490210247941498,74.5208668616163,24.781899959586486,Potato,Sandy,0
27.889704382168052,54.98685627762052,30.493647727299777,63.02283355061721,41.67868490697978,Wheat,Clay,0
41.181907514538054,5.0573103824228856,57.630679663606,61.21936909062061,47.57997696240162,Wheat,Sandy,0
40.25800700375426,42.61212379522308,60.30547297856168,59.64264926560833,32.07838001912533,Wheat,Loamy,0
20.58304253538832,83.2363539660995,65.16050583106323,24.02378747675096,18.341377693379034,Tomato,Loamy,1
39.079299293871316,80.56488053633419,21.18783905208265,24.770468419526825,30.562952716585322,Wheat,Sandy,1
28.74560660213678,22.431855885352626,87.22567422354912,58.18050988990785,16.28806399931407,Tomato,Clay,0
29.489066162560654,22.60790710105627,23.121166491390078,25.380592507727783,45.58135840077096,Tomato,Sandy,1
19.004399172478315,81.73053122132367,30.014336690638167,40.70701877621342,43.649622692186014,Wheat,Sandy,0
17.418045412713738,93.03984201693255,20.98101622682399,64.7401277915759,28.353355763703387,Wheat,Loamy,0
36.83817920921295,9.536092127300355,59.68009033058663,64.87667626684888,16.915146853637665,Potato,Sandy,0
29.893834570658992,45.005863942622526,85.25868187446805,41.728324076810175,15.37609410356594,Cucumber,Clay,1
28.105521078455386,33.745427896422896,66.6163016256325,65.45329567926716,2.637481740547914,Potato,Sandy,0
36.8852468595719,87.06884554574394,77.58602279362991,68.70352573386398,40.975221700239466,Tomato,Loamy,0
37.96538696973329,8.352491468001876,20.929684242100606,55.834302589898215,23.06877743891139,Potato,Clay,0
19.76724503008061,21.112594255803742,57.94107089358082,25.989809661589412,16.931513491612957,Tomato,Loamy,1
33.30675448432924,75.24683375864943,52.169408425386536,29.180824626988326,24.08440739488994,Cotton,Sandy,1
19.060622468330564,5.129384898121558,54.927756095455514,32.03888087861148,41.118161532277945,Tomato,Sandy,1
37.54125258087137,49.25353807142893,25.054922973463157,18.176287541376638,7.1060961776685385,Tomato,Loamy,1
34.708654688014185,44.210703467972,67.91047527485152,29.12117342589616,43.02514342384954,Potato,Loamy,1
43.69843863250374,33.44011789887487,55.22542904010441,24.666345701877248,44.97793292030934,Cucumber,Clay,1
17.068740490692637,39.457231531892376,73.56041949028848,41.87301248660215,47.38868783666052,Cotton,Loamy,0
16.711641634537628,52.99405869302329,53.97034438432007,73.59062835105854,20.476911628708763,Onion,Loamy,0
23.465612240796005,16.136735838838312,30.456714535850246,17.313622172777066,11.639879797845921,Onion,Sandy,1
